{
    "combination": [
        0,
        1
    ],
    "permutation": [
        0,
        1
    ],
    "vocals": {
        "SI-SDR": [
            5.22735595703125
        ],
        "SI-SIR": [
            14.59843397140503
        ],
        "SI-SAR": [
            5.760774612426758
        ],
        "SD-SDR": [
            2.98839979370718
        ],
        "SNR": [
            6.215319037437439
        ],
        "SRR": [
            6.93717016327017
        ],
        "SI-SDRi": [
            9.93975043296814
        ],
        "SD-SDRi": [
            7.700794277324059
        ],
        "SNRi": [
            10.938594341278076
        ],
        "MIX-SI-SDR": [
            -4.71239447593689
        ],
        "MIX-SD-SDR": [
            -4.71239448361688
        ],
        "MIX-SNR": [
            -4.723275303840637
        ]
    },
    "non-vocals": {
        "SI-SDR": [
            10.575401782989502
        ],
        "SI-SIR": [
            14.212114810943604
        ],
        "SI-SAR": [
            13.038303852081299
        ],
        "SD-SDR": [
            10.265929581662755
        ],
        "SNR": [
            10.938594341278076
        ],
        "SRR": [
            21.881809789357142
        ],
        "SI-SDRi": [
            5.849173665046692
        ],
        "SD-SDRi": [
            5.539705848790293
        ],
        "SNRi": [
            6.215319037437439
        ],
        "MIX-SI-SDR": [
            4.72622811794281
        ],
        "MIX-SD-SDR": [
            4.726223732872462
        ],
        "MIX-SNR": [
            4.723275303840637
        ]
    }
}