{
    "combination": [
        0,
        1
    ],
    "permutation": [
        0,
        1
    ],
    "vocals": {
        "SI-SDR": [
            3.359248638153076
        ],
        "SI-SIR": [
            9.811947345733643
        ],
        "SI-SAR": [
            4.473665952682495
        ],
        "SD-SDR": [
            1.342130177804393
        ],
        "SNR": [
            4.991966187953949
        ],
        "SRR": [
            5.642091878904338
        ],
        "SI-SDRi": [
            4.309909865260124
        ],
        "SD-SDRi": [
            2.2928284421085077
        ],
        "SNRi": [
            5.915560498833656
        ],
        "MIX-SI-SDR": [
            -0.950661227107048
        ],
        "MIX-SD-SDR": [
            -0.9506982643041147
        ],
        "MIX-SNR": [
            -0.9235943108797073
        ]
    },
    "non-vocals": {
        "SI-SDR": [
            4.739484786987305
        ],
        "SI-SIR": [
            8.381778001785278
        ],
        "SI-SAR": [
            7.19815731048584
        ],
        "SD-SDR": [
            4.0666211383459805
        ],
        "SNR": [
            5.915560722351074
        ],
        "SRR": [
            12.496969032318619
        ],
        "SI-SDRi": [
            3.8378381729125977
        ],
        "SD-SDRi": [
            3.165001167710926
        ],
        "SNRi": [
            4.991966336965561
        ],
        "MIX-SI-SDR": [
            0.901646614074707
        ],
        "MIX-SD-SDR": [
            0.9016199706350541
        ],
        "MIX-SNR": [
            0.9235943853855133
        ]
    }
}