{
    "combination": [
        0,
        1
    ],
    "permutation": [
        0,
        1
    ],
    "vocals": {
        "SI-SDR": [
            -8.563260436058044
        ],
        "SI-SIR": [
            0.20204249769449234
        ],
        "SI-SAR": [
            -7.944035530090332
        ],
        "SD-SDR": [
            -13.547981074935691
        ],
        "SNR": [
            0.3106839209794998
        ],
        "SRR": [
            -11.890016904167815
        ],
        "SI-SDRi": [
            5.093124508857727
        ],
        "SD-SDRi": [
            0.10840707459171028
        ],
        "SNRi": [
            13.972948268055916
        ],
        "MIX-SI-SDR": [
            -13.656384944915771
        ],
        "MIX-SD-SDR": [
            -13.656388149527402
        ],
        "MIX-SNR": [
            -13.662264347076416
        ]
    },
    "non-vocals": {
        "SI-SDR": [
            13.794325590133667
        ],
        "SI-SIR": [
            15.265083312988281
        ],
        "SI-SAR": [
            19.21136736869812
        ],
        "SD-SDR": [
            13.607419283604274
        ],
        "SNR": [
            13.972948789596558
        ],
        "SRR": [
            27.334431662973593
        ],
        "SI-SDRi": [
            0.13298511505126953
        ],
        "SD-SDRi": [
            -0.053917465503776185
        ],
        "SNRi": [
            0.3106868267059326
        ],
        "MIX-SI-SDR": [
            13.661340475082397
        ],
        "MIX-SD-SDR": [
            13.66133674910805
        ],
        "MIX-SNR": [
            13.662261962890625
        ]
    }
}