{
    "combination": [
        0,
        1
    ],
    "permutation": [
        0,
        1
    ],
    "vocals": {
        "SI-SDR": [
            -0.44202644377946854
        ],
        "SI-SIR": [
            7.373930811882019
        ],
        "SI-SAR": [
            0.34291379153728485
        ],
        "SD-SDR": [
            -2.9357417390677902
        ],
        "SNR": [
            2.7606648206710815
        ],
        "SRR": [
            0.6609576608013318
        ],
        "SI-SDRi": [
            6.57400768250227
        ],
        "SD-SDRi": [
            4.080439651352959
        ],
        "SNRi": [
            9.892486333847046
        ],
        "MIX-SI-SDR": [
            -7.016034126281738
        ],
        "MIX-SD-SDR": [
            -7.0161813904207495
        ],
        "MIX-SNR": [
            -7.131821513175964
        ]
    },
    "non-vocals": {
        "SI-SDR": [
            9.4227796792984
        ],
        "SI-SIR": [
            12.582825422286987
        ],
        "SI-SAR": [
            12.288280725479126
        ],
        "SD-SDR": [
            9.009618708814688
        ],
        "SNR": [
            9.892485737800598
        ],
        "SRR": [
            19.41320789966118
        ],
        "SI-SDRi": [
            2.2701531648635864
        ],
        "SD-SDRi": [
            1.85714612388845
        ],
        "SNRi": [
            2.760664224624634
        ],
        "MIX-SI-SDR": [
            7.1526265144348145
        ],
        "MIX-SD-SDR": [
            7.1524725849262385
        ],
        "MIX-SNR": [
            7.131821513175964
        ]
    }
}