{
    "combination": [
        0,
        1
    ],
    "permutation": [
        0,
        1
    ],
    "vocals": {
        "SI-SDR": [
            1.026032343506813
        ],
        "SI-SIR": [
            6.781483292579651
        ],
        "SI-SAR": [
            2.36752986907959
        ],
        "SD-SDR": [
            -1.4545189546654136
        ],
        "SNR": [
            3.553462028503418
        ],
        "SRR": [
            2.159064299045536
        ],
        "SI-SDRi": [
            5.100245848298073
        ],
        "SD-SDRi": [
            2.6196923701982753
        ],
        "SNRi": [
            7.635425329208374
        ],
        "MIX-SI-SDR": [
            -4.07421350479126
        ],
        "MIX-SD-SDR": [
            -4.074211324863689
        ],
        "MIX-SNR": [
            -4.081963300704956
        ]
    },
    "non-vocals": {
        "SI-SDR": [
            6.8184638023376465
        ],
        "SI-SIR": [
            9.724401235580444
        ],
        "SI-SAR": [
            9.935612082481384
        ],
        "SD-SDR": [
            6.113561054975532
        ],
        "SNR": [
            7.635425329208374
        ],
        "SRR": [
            14.356728088185754
        ],
        "SI-SDRi": [
            2.733716368675232
        ],
        "SD-SDRi": [
            2.0288218885167746
        ],
        "SNRi": [
            3.553461730480194
        ],
        "MIX-SI-SDR": [
            4.0847474336624146
        ],
        "MIX-SD-SDR": [
            4.084739166458758
        ],
        "MIX-SNR": [
            4.08196359872818
        ]
    }
}