{
    "combination": [
        0,
        1
    ],
    "permutation": [
        0,
        1
    ],
    "vocals": {
        "SI-SDR": [
            3.2867586612701416
        ],
        "SI-SIR": [
            10.185658931732178
        ],
        "SI-SAR": [
            4.278869032859802
        ],
        "SD-SDR": [
            2.995503910436447
        ],
        "SNR": [
            4.436107873916626
        ],
        "SRR": [
            14.875138819270894
        ],
        "SI-SDRi": [
            11.802191734313965
        ],
        "SD-SDRi": [
            11.510958353619339
        ],
        "SNRi": [
            13.00460398197174
        ],
        "MIX-SI-SDR": [
            -8.515433073043823
        ],
        "MIX-SD-SDR": [
            -8.515454443182891
        ],
        "MIX-SNR": [
            -8.568496108055115
        ]
    },
    "non-vocals": {
        "SI-SDR": [
            13.028912544250488
        ],
        "SI-SIR": [
            23.95714282989502
        ],
        "SI-SAR": [
            13.39460015296936
        ],
        "SD-SDR": [
            12.111228385567967
        ],
        "SNR": [
            13.004604578018188
        ],
        "SRR": [
            19.30508225642594
        ],
        "SI-SDRi": [
            4.453798532485962
        ],
        "SD-SDRi": [
            3.536135931841633
        ],
        "SNRi": [
            4.436108469963074
        ],
        "MIX-SI-SDR": [
            8.575114011764526
        ],
        "MIX-SD-SDR": [
            8.575092453726334
        ],
        "MIX-SNR": [
            8.568496108055115
        ]
    }
}