{
    "combination": [
        0,
        1
    ],
    "permutation": [
        0,
        1
    ],
    "vocals": {
        "SI-SDR": [
            -12.32845425605774
        ],
        "SI-SIR": [
            -5.320641994476318
        ],
        "SI-SAR": [
            -11.363868713378906
        ],
        "SD-SDR": [
            -12.8836389076989
        ],
        "SNR": [
            -4.83228862285614
        ],
        "SRR": [
            -3.6755320108885665
        ],
        "SI-SDRi": [
            8.091434240341187
        ],
        "SD-SDRi": [
            7.541475171274913
        ],
        "SNRi": [
            12.895316481590271
        ],
        "MIX-SI-SDR": [
            -20.419888496398926
        ],
        "MIX-SD-SDR": [
            -20.425114078973813
        ],
        "MIX-SNR": [
            -17.72760510444641
        ]
    },
    "non-vocals": {
        "SI-SDR": [
            12.893552780151367
        ],
        "SI-SIR": [
            21.58914804458618
        ],
        "SI-SAR": [
            13.523545265197754
        ],
        "SD-SDR": [
            12.003773994038546
        ],
        "SNR": [
            12.895317077636719
        ],
        "SRR": [
            19.323855295824725
        ],
        "SI-SDRi": [
            -4.799809455871582
        ],
        "SD-SDRi": [
            -5.684359163947825
        ],
        "SNRi": [
            -4.832288026809692
        ],
        "MIX-SI-SDR": [
            17.69336223602295
        ],
        "MIX-SD-SDR": [
            17.68813315798637
        ],
        "MIX-SNR": [
            17.72760510444641
        ]
    }
}