{
    "combination": [
        0,
        1
    ],
    "permutation": [
        0,
        1
    ],
    "vocals": {
        "SI-SDR": [
            4.83138382434845
        ],
        "SI-SIR": [
            12.635929584503174
        ],
        "SI-SAR": [
            5.61860203742981
        ],
        "SD-SDR": [
            3.803778497479658
        ],
        "SNR": [
            6.057633757591248
        ],
        "SRR": [
            10.566483342191798
        ],
        "SI-SDRi": [
            9.40147340297699
        ],
        "SD-SDRi": [
            8.373877560745811
        ],
        "SNRi": [
            10.611991286277771
        ],
        "MIX-SI-SDR": [
            -4.57008957862854
        ],
        "MIX-SD-SDR": [
            -4.570099063266153
        ],
        "MIX-SNR": [
            -4.554357528686523
        ]
    },
    "non-vocals": {
        "SI-SDR": [
            10.241715908050537
        ],
        "SI-SIR": [
            16.401407718658447
        ],
        "SI-SAR": [
            11.445690393447876
        ],
        "SD-SDR": [
            9.630869147905518
        ],
        "SNR": [
            10.611990690231323
        ],
        "SRR": [
            18.44665198794894
        ],
        "SI-SDRi": [
            5.69336324930191
        ],
        "SD-SDRi": [
            5.082517246644562
        ],
        "SNRi": [
            6.057633757591248
        ],
        "MIX-SI-SDR": [
            4.548352658748627
        ],
        "MIX-SD-SDR": [
            4.548351901260956
        ],
        "MIX-SNR": [
            4.554356932640076
        ]
    }
}