{
    "combination": [
        0,
        1
    ],
    "permutation": [
        0,
        1
    ],
    "vocals": {
        "SI-SDR": [
            1.2604548037052155
        ],
        "SI-SIR": [
            10.324845314025879
        ],
        "SI-SAR": [
            1.835598647594452
        ],
        "SD-SDR": [
            -0.633732602005117
        ],
        "SNR": [
            3.6607229709625244
        ],
        "SRR": [
            3.8826066789070124
        ],
        "SI-SDRi": [
            9.530378133058548
        ],
        "SD-SDRi": [
            7.6361930523001975
        ],
        "SNRi": [
            11.913655996322632
        ],
        "MIX-SI-SDR": [
            -8.269923329353333
        ],
        "MIX-SD-SDR": [
            -8.269925654305315
        ],
        "MIX-SNR": [
            -8.252933025360107
        ]
    },
    "non-vocals": {
        "SI-SDR": [
            11.62856936454773
        ],
        "SI-SIR": [
            15.783674716949463
        ],
        "SI-SAR": [
            13.733673095703125
        ],
        "SD-SDR": [
            11.264340227990417
        ],
        "SNR": [
            11.913655996322632
        ],
        "SRR": [
            22.200486866636204
        ],
        "SI-SDRi": [
            3.3788496255874634
        ],
        "SD-SDRi": [
            3.0146233529685578
        ],
        "SNRi": [
            3.6607229709625244
        ],
        "MIX-SI-SDR": [
            8.249719738960266
        ],
        "MIX-SD-SDR": [
            8.249716875021859
        ],
        "MIX-SNR": [
            8.252933025360107
        ]
    }
}