{
    "combination": [
        0,
        1
    ],
    "permutation": [
        0,
        1
    ],
    "vocals": {
        "SI-SDR": [
            2.4968816339969635
        ],
        "SI-SIR": [
            11.232764720916748
        ],
        "SI-SAR": [
            3.120627999305725
        ],
        "SD-SDR": [
            1.3679995762452024
        ],
        "SNR": [
            4.344503581523895
        ],
        "SRR": [
            7.771446374000402
        ],
        "SI-SDRi": [
            8.475519567728043
        ],
        "SD-SDRi": [
            7.346663565715048
        ],
        "SNRi": [
            10.364569127559662
        ],
        "MIX-SI-SDR": [
            -5.978637933731079
        ],
        "MIX-SD-SDR": [
            -5.978663989469845
        ],
        "MIX-SNR": [
            -6.020065546035767
        ]
    },
    "non-vocals": {
        "SI-SDR": [
            9.946649074554443
        ],
        "SI-SIR": [
            15.866973400115967
        ],
        "SI-SAR": [
            11.2299644947052
        ],
        "SD-SDR": [
            9.477333629036956
        ],
        "SNR": [
            10.364569425582886
        ],
        "SRR": [
            19.368111278316874
        ],
        "SI-SDRi": [
            3.9168530702590942
        ],
        "SD-SDRi": [
            3.4475702445072676
        ],
        "SNRi": [
            4.344502687454224
        ],
        "MIX-SI-SDR": [
            6.029796004295349
        ],
        "MIX-SD-SDR": [
            6.029763384529688
        ],
        "MIX-SNR": [
            6.020066738128662
        ]
    }
}