{
    "combination": [
        0,
        1
    ],
    "permutation": [
        0,
        1
    ],
    "vocals": {
        "SI-SDR": [
            -1.2873530387878418
        ],
        "SI-SIR": [
            7.878584861755371
        ],
        "SI-SAR": [
            -0.7263856381177902
        ],
        "SD-SDR": [
            -4.710236509312401
        ],
        "SNR": [
            2.4106544256210327
        ],
        "SRR": [
            -2.0767425225488494
        ],
        "SI-SDRi": [
            7.373614311218262
        ],
        "SD-SDRi": [
            3.9507407591905137
        ],
        "SNRi": [
            11.05316936969757
        ],
        "MIX-SI-SDR": [
            -8.660967350006104
        ],
        "MIX-SD-SDR": [
            -8.660977268502915
        ],
        "MIX-SNR": [
            -8.642514944076538
        ]
    },
    "non-vocals": {
        "SI-SDR": [
            10.707701444625854
        ],
        "SI-SIR": [
            13.095680475234985
        ],
        "SI-SAR": [
            14.444180727005005
        ],
        "SD-SDR": [
            10.460331484412016
        ],
        "SNR": [
            11.053168773651123
        ],
        "SRR": [
            23.019471351313527
        ],
        "SI-SDRi": [
            2.068260908126831
        ],
        "SD-SDRi": [
            1.820890784191695
        ],
        "SNRi": [
            2.410653829574585
        ],
        "MIX-SI-SDR": [
            8.639440536499023
        ],
        "MIX-SD-SDR": [
            8.639440700220321
        ],
        "MIX-SNR": [
            8.642514944076538
        ]
    }
}