{
    "combination": [
        0,
        1
    ],
    "permutation": [
        0,
        1
    ],
    "vocals": {
        "SI-SDR": [
            1.388566642999649
        ],
        "SI-SIR": [
            8.251356482505798
        ],
        "SI-SAR": [
            2.3899707198143005
        ],
        "SD-SDR": [
            -1.0404980464677998
        ],
        "SNR": [
            3.7596145272254944
        ],
        "SRR": [
            2.640952074158976
        ],
        "SI-SDRi": [
            6.705245524644852
        ],
        "SD-SDRi": [
            4.276177015907817
        ],
        "SNRi": [
            9.067257940769196
        ],
        "MIX-SI-SDR": [
            -5.316678881645203
        ],
        "MIX-SD-SDR": [
            -5.316675062375617
        ],
        "MIX-SNR": [
            -5.307643413543701
        ]
    },
    "non-vocals": {
        "SI-SDR": [
            8.492053151130676
        ],
        "SI-SIR": [
            11.630932092666626
        ],
        "SI-SAR": [
            11.377396583557129
        ],
        "SD-SDR": [
            7.946928028071893
        ],
        "SNR": [
            9.067257642745972
        ],
        "SRR": [
            17.223184877363593
        ],
        "SI-SDRi": [
            3.1881123781204224
        ],
        "SD-SDRi": [
            2.6429912405254514
        ],
        "SNRi": [
            3.7596142292022705
        ],
        "MIX-SI-SDR": [
            5.303940773010254
        ],
        "MIX-SD-SDR": [
            5.303936787546442
        ],
        "MIX-SNR": [
            5.307643413543701
        ]
    }
}