{
    "combination": [
        0,
        1
    ],
    "permutation": [
        0,
        1
    ],
    "vocals": {
        "SI-SDR": [
            -10.377930402755737
        ],
        "SI-SIR": [
            1.749768853187561
        ],
        "SI-SAR": [
            -10.10335087776184
        ],
        "SD-SDR": [
            -18.561130662926587
        ],
        "SNR": [
            0.3316205367445946
        ],
        "SRR": [
            -17.84538687888065
        ],
        "SI-SDRi": [
            4.687072038650513
        ],
        "SD-SDRi": [
            -3.496080997253138
        ],
        "SNRi": [
            15.56443627923727
        ],
        "MIX-SI-SDR": [
            -15.06500244140625
        ],
        "MIX-SD-SDR": [
            -15.065049665673449
        ],
        "MIX-SNR": [
            -15.232815742492676
        ]
    },
    "non-vocals": {
        "SI-SDR": [
            15.465377569198608
        ],
        "SI-SIR": [
            16.14004135131836
        ],
        "SI-SAR": [
            23.885133266448975
        ],
        "SD-SDR": [
            15.427349018363381
        ],
        "SNR": [
            15.564435720443726
        ],
        "SRR": [
            35.96774606549354
        ],
        "SI-SDRi": [
            0.22843360900878906
        ],
        "SD-SDRi": [
            0.19045134303476452
        ],
        "SNRi": [
            0.3316187858581543
        ],
        "MIX-SI-SDR": [
            15.23694396018982
        ],
        "MIX-SD-SDR": [
            15.236897675328617
        ],
        "MIX-SNR": [
            15.232816934585571
        ]
    }
}