{
    "combination": [
        0,
        1
    ],
    "permutation": [
        0,
        1
    ],
    "vocals": {
        "SI-SDR": [
            2.1054957807064056
        ],
        "SI-SIR": [
            10.772656202316284
        ],
        "SI-SAR": [
            2.739965319633484
        ],
        "SD-SDR": [
            0.23299753619885877
        ],
        "SNR": [
            4.185018241405487
        ],
        "SRR": [
            4.789097785954645
        ],
        "SI-SDRi": [
            7.4492476880550385
        ],
        "SD-SDRi": [
            5.576748522415718
        ],
        "SNRi": [
            9.518990218639374
        ],
        "MIX-SI-SDR": [
            -5.343751907348633
        ],
        "MIX-SD-SDR": [
            -5.343750986216859
        ],
        "MIX-SNR": [
            -5.333971977233887
        ]
    },
    "non-vocals": {
        "SI-SDR": [
            9.011576175689697
        ],
        "SI-SIR": [
            13.167809247970581
        ],
        "SI-SAR": [
            11.11598014831543
        ],
        "SD-SDR": [
            8.60901382723724
        ],
        "SNR": [
            9.518990516662598
        ],
        "SRR": [
            19.136720576670893
        ],
        "SI-SDRi": [
            3.6807090044021606
        ],
        "SD-SDRi": [
            3.278143982504922
        ],
        "SNRi": [
            4.185017943382263
        ],
        "MIX-SI-SDR": [
            5.330867171287537
        ],
        "MIX-SD-SDR": [
            5.330869844732318
        ],
        "MIX-SNR": [
            5.3339725732803345
        ]
    }
}