{
    "combination": [
        0,
        1
    ],
    "permutation": [
        0,
        1
    ],
    "vocals": {
        "SI-SDR": [
            -5.455058813095093
        ],
        "SI-SIR": [
            0.9762710332870483
        ],
        "SI-SAR": [
            -4.334390461444855
        ],
        "SD-SDR": [
            -7.345875203769871
        ],
        "SNR": [
            0.20071491599082947
        ],
        "SRR": [
            -2.8235229390689027
        ],
        "SI-SDRi": [
            4.079504013061523
        ],
        "SD-SDRi": [
            2.1887055682117973
        ],
        "SNRi": [
            9.682845920324326
        ],
        "MIX-SI-SDR": [
            -9.534562826156616
        ],
        "MIX-SD-SDR": [
            -9.534580771981668
        ],
        "MIX-SNR": [
            -9.482131004333496
        ]
    },
    "non-vocals": {
        "SI-SDR": [
            9.206690192222595
        ],
        "SI-SIR": [
            13.044390678405762
        ],
        "SI-SAR": [
            11.52216911315918
        ],
        "SD-SDR": [
            8.510684952594723
        ],
        "SNR": [
            9.68284547328949
        ],
        "SRR": [
            16.803874121476017
        ],
        "SI-SDRi": [
            -0.2692955732345581
        ],
        "SD-SDRi": [
            -0.9652793787012115
        ],
        "SNRi": [
            0.20071446895599365
        ],
        "MIX-SI-SDR": [
            9.475985765457153
        ],
        "MIX-SD-SDR": [
            9.475964331295934
        ],
        "MIX-SNR": [
            9.482131004333496
        ]
    }
}