{
    "combination": [
        0,
        1
    ],
    "permutation": [
        0,
        1
    ],
    "vocals": {
        "SI-SDR": [
            4.270909428596497
        ],
        "SI-SIR": [
            13.034414052963257
        ],
        "SI-SAR": [
            4.890404939651489
        ],
        "SD-SDR": [
            1.7815469895281941
        ],
        "SNR": [
            5.520850419998169
        ],
        "SRR": [
            5.383849297067064
        ],
        "SI-SDRi": [
            9.580145478248596
        ],
        "SD-SDRi": [
            7.090783397290559
        ],
        "SNRi": [
            10.825411081314087
        ],
        "MIX-SI-SDR": [
            -5.3092360496521
        ],
        "MIX-SD-SDR": [
            -5.309236407762365
        ],
        "MIX-SNR": [
            -5.304560661315918
        ]
    },
    "non-vocals": {
        "SI-SDR": [
            10.451128482818604
        ],
        "SI-SIR": [
            13.715705871582031
        ],
        "SI-SAR": [
            13.221200704574585
        ],
        "SD-SDR": [
            10.11234445544074
        ],
        "SNR": [
            10.825411081314087
        ],
        "SRR": [
            21.35471162781668
        ],
        "SI-SDRi": [
            5.148311257362366
        ],
        "SD-SDRi": [
            4.809529719288329
        ],
        "SNRi": [
            5.520850419998169
        ],
        "MIX-SI-SDR": [
            5.302817225456238
        ],
        "MIX-SD-SDR": [
            5.302814736152411
        ],
        "MIX-SNR": [
            5.304560661315918
        ]
    }
}