{
    "combination": [
        0,
        1
    ],
    "permutation": [
        0,
        1
    ],
    "vocals": {
        "SI-SDR": [
            1.7410030961036682
        ],
        "SI-SIR": [
            10.156861543655396
        ],
        "SI-SAR": [
            2.416357547044754
        ],
        "SD-SDR": [
            0.07552242714315227
        ],
        "SNR": [
            3.9351966977119446
        ],
        "SRR": [
            5.044091031938275
        ],
        "SI-SDRi": [
            12.648415863513947
        ],
        "SD-SDRi": [
            10.982932029428587
        ],
        "SNRi": [
            14.829744398593903
        ],
        "MIX-SI-SDR": [
            -10.907412767410278
        ],
        "MIX-SD-SDR": [
            -10.907409602285435
        ],
        "MIX-SNR": [
            -10.894547700881958
        ]
    },
    "non-vocals": {
        "SI-SDR": [
            14.770326614379883
        ],
        "SI-SIR": [
            19.291582107543945
        ],
        "SI-SAR": [
            16.66181445121765
        ],
        "SD-SDR": [
            14.320980017737718
        ],
        "SNR": [
            14.829744100570679
        ],
        "SRR": [
            24.390333582512298
        ],
        "SI-SDRi": [
            3.8771438598632812
        ],
        "SD-SDRi": [
            3.42779765012766
        ],
        "SNRi": [
            3.9351963996887207
        ],
        "MIX-SI-SDR": [
            10.893182754516602
        ],
        "MIX-SD-SDR": [
            10.893182367610057
        ],
        "MIX-SNR": [
            10.894547700881958
        ]
    }
}