{
    "combination": [
        0,
        1
    ],
    "permutation": [
        0,
        1
    ],
    "vocals": {
        "SI-SDR": [
            2.130308300256729
        ],
        "SI-SIR": [
            14.26221251487732
        ],
        "SI-SAR": [
            2.4046477675437927
        ],
        "SD-SDR": [
            1.4318774016364122
        ],
        "SNR": [
            3.8885539770126343
        ],
        "SRR": [
            9.712055974000792
        ],
        "SI-SDRi": [
            14.137306362390518
        ],
        "SD-SDRi": [
            13.438880283861515
        ],
        "SNRi": [
            15.917842984199524
        ],
        "MIX-SI-SDR": [
            -12.006998062133789
        ],
        "MIX-SD-SDR": [
            -12.007002882225104
        ],
        "MIX-SNR": [
            -12.02928900718689
        ]
    },
    "non-vocals": {
        "SI-SDR": [
            15.825660228729248
        ],
        "SI-SIR": [
            23.87153387069702
        ],
        "SI-SAR": [
            16.56646966934204
        ],
        "SD-SDR": [
            15.593701329673994
        ],
        "SNR": [
            15.917843580245972
        ],
        "SRR": [
            28.398998138782098
        ],
        "SI-SDRi": [
            3.796241283416748
        ],
        "SD-SDRi": [
            3.564279787340457
        ],
        "SNRi": [
            3.888554573059082
        ],
        "MIX-SI-SDR": [
            12.0294189453125
        ],
        "MIX-SD-SDR": [
            12.029421542333537
        ],
        "MIX-SNR": [
            12.02928900718689
        ]
    }
}