{
    "combination": [
        0,
        1
    ],
    "permutation": [
        0,
        1
    ],
    "vocals": {
        "SI-SDR": [
            -2.008051872253418
        ],
        "SI-SIR": [
            9.95861530303955
        ],
        "SI-SAR": [
            -1.7227523028850555
        ],
        "SD-SDR": [
            -8.542220215264528
        ],
        "SNR": [
            1.9797560572624207
        ],
        "SRR": [
            -7.451392152141927
        ],
        "SI-SDRi": [
            2.2074466943740845
        ],
        "SD-SDRi": [
            -4.326655583183809
        ],
        "SNRi": [
            6.141080558300018
        ],
        "MIX-SI-SDR": [
            -4.215498566627502
        ],
        "MIX-SD-SDR": [
            -4.215564632080719
        ],
        "MIX-SNR": [
            -4.161324501037598
        ]
    },
    "non-vocals": {
        "SI-SDR": [
            5.666022300720215
        ],
        "SI-SIR": [
            6.696088910102844
        ],
        "SI-SAR": [
            12.420110702514648
        ],
        "SD-SDR": [
            5.6006383813018665
        ],
        "SNR": [
            6.141079664230347
        ],
        "SRR": [
            23.849694110186796
        ],
        "SI-SDRi": [
            1.5258288383483887
        ],
        "SD-SDRi": [
            1.4605118596391842
        ],
        "SNRi": [
            1.979755163192749
        ],
        "MIX-SI-SDR": [
            4.140193462371826
        ],
        "MIX-SD-SDR": [
            4.140126521662682
        ],
        "MIX-SNR": [
            4.161324501037598
        ]
    }
}