{
    "combination": [
        0,
        1
    ],
    "permutation": [
        0,
        1
    ],
    "vocals": {
        "SI-SDR": [
            0.6306101381778717
        ],
        "SI-SIR": [
            12.840415239334106
        ],
        "SI-SAR": [
            0.899888277053833
        ],
        "SD-SDR": [
            -2.2102598308370425
        ],
        "SNR": [
            3.3358705043792725
        ],
        "SRR": [
            0.9763624303163992
        ],
        "SI-SDRi": [
            7.076202183961868
        ],
        "SD-SDRi": [
            4.23533668294772
        ],
        "SNRi": [
            9.793831706047058
        ],
        "MIX-SI-SDR": [
            -6.445592045783997
        ],
        "MIX-SD-SDR": [
            -6.445596513784762
        ],
        "MIX-SNR": [
            -6.457961201667786
        ]
    },
    "non-vocals": {
        "SI-SDR": [
            9.419434666633606
        ],
        "SI-SIR": [
            12.46734619140625
        ],
        "SI-SAR": [
            12.392405271530151
        ],
        "SD-SDR": [
            9.28226107928232
        ],
        "SNR": [
            9.793833494186401
        ],
        "SRR": [
            24.3411021824318
        ],
        "SI-SDRi": [
            2.959548234939575
        ],
        "SD-SDRi": [
            2.8223755240324824
        ],
        "SNRi": [
            3.3358746767044067
        ],
        "MIX-SI-SDR": [
            6.459886431694031
        ],
        "MIX-SD-SDR": [
            6.459885555249837
        ],
        "MIX-SNR": [
            6.457958817481995
        ]
    }
}