{
    "combination": [
        0,
        1
    ],
    "permutation": [
        0,
        1
    ],
    "vocals": {
        "SI-SDR": [
            -1.6385860741138458
        ],
        "SI-SIR": [
            10.755937099456787
        ],
        "SI-SAR": [
            -1.3808657228946686
        ],
        "SD-SDR": [
            -6.182700592707803
        ],
        "SNR": [
            2.2535736858844757
        ],
        "SRR": [
            -4.303630086589233
        ],
        "SI-SDRi": [
            8.12785193324089
        ],
        "SD-SDRi": [
            3.583737932599494
        ],
        "SNRi": [
            12.039566189050674
        ],
        "MIX-SI-SDR": [
            -9.766438007354736
        ],
        "MIX-SD-SDR": [
            -9.766438525307297
        ],
        "MIX-SNR": [
            -9.785992503166199
        ]
    },
    "non-vocals": {
        "SI-SDR": [
            11.81401252746582
        ],
        "SI-SIR": [
            13.603847026824951
        ],
        "SI-SAR": [
            16.527796983718872
        ],
        "SD-SDR": [
            11.725961813485691
        ],
        "SNR": [
            12.039566040039062
        ],
        "SRR": [
            28.691374108711397
        ],
        "SI-SDRi": [
            2.0263195037841797
        ],
        "SD-SDRi": [
            1.9382707607234355
        ],
        "SNRi": [
            2.253572940826416
        ],
        "MIX-SI-SDR": [
            9.78769302368164
        ],
        "MIX-SD-SDR": [
            9.787691052762256
        ],
        "MIX-SNR": [
            9.785993099212646
        ]
    }
}