{
    "combination": [
        0,
        1
    ],
    "permutation": [
        0,
        1
    ],
    "vocals": {
        "SI-SDR": [
            -1.9461360573768616
        ],
        "SI-SIR": [
            2.864612638950348
        ],
        "SI-SAR": [
            -0.20485736429691315
        ],
        "SD-SDR": [
            -3.3558619870177484
        ],
        "SNR": [
            1.6270913183689117
        ],
        "SRR": [
            2.21628815098207
        ],
        "SI-SDRi": [
            5.215468108654022
        ],
        "SD-SDRi": [
            3.8057708202024223
        ],
        "SNRi": [
            8.738328367471695
        ],
        "MIX-SI-SDR": [
            -7.161604166030884
        ],
        "MIX-SD-SDR": [
            -7.161632807220171
        ],
        "MIX-SNR": [
            -7.111237049102783
        ]
    },
    "non-vocals": {
        "SI-SDR": [
            8.214613199234009
        ],
        "SI-SIR": [
            12.61529803276062
        ],
        "SI-SAR": [
            10.173379182815552
        ],
        "SD-SDR": [
            7.022380127436732
        ],
        "SNR": [
            8.738328218460083
        ],
        "SRR": [
            13.214108952414454
        ],
        "SI-SDRi": [
            1.114637851715088
        ],
        "SD-SDRi": [
            -0.07755345105615863
        ],
        "SNRi": [
            1.6270911693572998
        ],
        "MIX-SI-SDR": [
            7.099975347518921
        ],
        "MIX-SD-SDR": [
            7.099933578492891
        ],
        "MIX-SNR": [
            7.111237049102783
        ]
    }
}