{
    "combination": [
        0,
        1
    ],
    "permutation": [
        0,
        1
    ],
    "vocals": {
        "SI-SDR": [
            -0.3799624368548393
        ],
        "SI-SIR": [
            7.406821846961975
        ],
        "SI-SAR": [
            0.41079316288232803
        ],
        "SD-SDR": [
            -4.5416929827878345
        ],
        "SNR": [
            2.784697711467743
        ],
        "SRR": [
            -2.440687694424116
        ],
        "SI-SDRi": [
            5.526394732296467
        ],
        "SD-SDRi": [
            1.3646636696634866
        ],
        "SNRi": [
            8.674770295619965
        ],
        "MIX-SI-SDR": [
            -5.906357169151306
        ],
        "MIX-SD-SDR": [
            -5.906356652451321
        ],
        "MIX-SNR": [
            -5.890072584152222
        ]
    },
    "non-vocals": {
        "SI-SDR": [
            8.110917210578918
        ],
        "SI-SIR": [
            9.926314353942871
        ],
        "SI-SAR": [
            12.775115966796875
        ],
        "SD-SDR": [
            7.8226263034067145
        ],
        "SNR": [
            8.674770593643188
        ],
        "SRR": [
            19.73646812718473
        ],
        "SI-SDRi": [
            2.2258490324020386
        ],
        "SD-SDRi": [
            1.937565134980094
        ],
        "SNRi": [
            2.784698009490967
        ],
        "MIX-SI-SDR": [
            5.88506817817688
        ],
        "MIX-SD-SDR": [
            5.8850611684266205
        ],
        "MIX-SNR": [
            5.890072584152222
        ]
    }
}