{
    "combination": [
        0,
        1
    ],
    "permutation": [
        0,
        1
    ],
    "vocals": {
        "SI-SDR": [
            1.9120605289936066
        ],
        "SI-SIR": [
            7.900502681732178
        ],
        "SI-SAR": [
            3.1721997261047363
        ],
        "SD-SDR": [
            -0.08332735484160203
        ],
        "SNR": [
            4.068360328674316
        ],
        "SRR": [
            4.253421194543316
        ],
        "SI-SDRi": [
            5.134077221155167
        ],
        "SD-SDRi": [
            3.1386860266033128
        ],
        "SNRi": [
            7.282871305942535
        ],
        "MIX-SI-SDR": [
            -3.22201669216156
        ],
        "MIX-SD-SDR": [
            -3.222013381444915
        ],
        "MIX-SNR": [
            -3.214510977268219
        ]
    },
    "non-vocals": {
        "SI-SDR": [
            6.390621662139893
        ],
        "SI-SIR": [
            9.977186918258667
        ],
        "SI-SAR": [
            8.892214298248291
        ],
        "SD-SDR": [
            5.636689186167496
        ],
        "SNR": [
            7.2828710079193115
        ],
        "SRR": [
            13.610643483235567
        ],
        "SI-SDRi": [
            3.1801247596740723
        ],
        "SD-SDRi": [
            2.4261950867045012
        ],
        "SNRi": [
            4.0683600306510925
        ],
        "MIX-SI-SDR": [
            3.2104969024658203
        ],
        "MIX-SD-SDR": [
            3.210494099462995
        ],
        "MIX-SNR": [
            3.214510977268219
        ]
    }
}