{
    "combination": [
        0,
        1
    ],
    "permutation": [
        0,
        1
    ],
    "vocals": {
        "SI-SDR": [
            0.6012345850467682
        ],
        "SI-SIR": [
            8.310261368751526
        ],
        "SI-SAR": [
            1.407676786184311
        ],
        "SD-SDR": [
            -0.8893582385954071
        ],
        "SNR": [
            3.1774038076400757
        ],
        "SRR": [
            4.478738002963078
        ],
        "SI-SDRi": [
            9.375873357057571
        ],
        "SD-SDRi": [
            7.885277342123357
        ],
        "SNRi": [
            11.936081051826477
        ],
        "MIX-SI-SDR": [
            -8.774638772010803
        ],
        "MIX-SD-SDR": [
            -8.774635580718764
        ],
        "MIX-SNR": [
            -8.758677244186401
        ]
    },
    "non-vocals": {
        "SI-SDR": [
            11.694166660308838
        ],
        "SI-SIR": [
            16.508482694625854
        ],
        "SI-SAR": [
            13.43363642692566
        ],
        "SD-SDR": [
            11.136608515093119
        ],
        "SNR": [
            11.936081647872925
        ],
        "SRR": [
            20.317406251226345
        ],
        "SI-SDRi": [
            2.938932180404663
        ],
        "SD-SDRi": [
            2.3813720413266815
        ],
        "SNRi": [
            3.177403211593628
        ],
        "MIX-SI-SDR": [
            8.755234479904175
        ],
        "MIX-SD-SDR": [
            8.755236473766438
        ],
        "MIX-SNR": [
            8.758678436279297
        ]
    }
}