{
    "combination": [
        0,
        1
    ],
    "permutation": [
        0,
        1
    ],
    "vocals": {
        "SI-SDR": [
            7.873743772506714
        ],
        "SI-SIR": [
            16.023815870285034
        ],
        "SI-SAR": [
            8.595447540283203
        ],
        "SD-SDR": [
            6.219456135619447
        ],
        "SNR": [
            8.330304622650146
        ],
        "SRR": [
            11.210357038336188
        ],
        "SI-SDRi": [
            7.235022187232971
        ],
        "SD-SDRi": [
            5.5807361623375265
        ],
        "SNRi": [
            7.679564729332924
        ],
        "MIX-SI-SDR": [
            0.6387215852737427
        ],
        "MIX-SD-SDR": [
            0.6387199732819208
        ],
        "MIX-SNR": [
            0.6507398933172226
        ]
    },
    "non-vocals": {
        "SI-SDR": [
            6.912276744842529
        ],
        "SI-SIR": [
            11.42978310585022
        ],
        "SI-SAR": [
            8.805780410766602
        ],
        "SD-SDR": [
            6.429793627831075
        ],
        "SNR": [
            7.679564952850342
        ],
        "SRR": [
            16.20729799872298
        ],
        "SI-SDRi": [
            7.577555701136589
        ],
        "SD-SDRi": [
            7.095085704220266
        ],
        "SNRi": [
            8.330304697155952
        ],
        "MIX-SI-SDR": [
            -0.6652789562940598
        ],
        "MIX-SD-SDR": [
            -0.6652920763891907
        ],
        "MIX-SNR": [
            -0.6507397443056107
        ]
    }
}