{
    "combination": [
        0,
        1
    ],
    "permutation": [
        0,
        1
    ],
    "vocals": {
        "SI-SDR": [
            2.7880486845970154
        ],
        "SI-SIR": [
            11.856409311294556
        ],
        "SI-SAR": [
            3.362644612789154
        ],
        "SD-SDR": [
            0.5503376372984858
        ],
        "SNR": [
            4.609048962593079
        ],
        "SRR": [
            4.50028799735963
        ],
        "SI-SDRi": [
            5.856221914291382
        ],
        "SD-SDRi": [
            3.6185210280509477
        ],
        "SNRi": [
            7.662447690963745
        ],
        "MIX-SI-SDR": [
            -3.0681732296943665
        ],
        "MIX-SD-SDR": [
            -3.068183390752462
        ],
        "MIX-SNR": [
            -3.0533987283706665
        ]
    },
    "non-vocals": {
        "SI-SDR": [
            6.957157254219055
        ],
        "SI-SIR": [
            10.576298236846924
        ],
        "SI-SAR": [
            9.433518648147583
        ],
        "SD-SDR": [
            6.6212174110179065
        ],
        "SNR": [
            7.662447690963745
        ],
        "SRR": [
            17.899535061231106
        ],
        "SI-SDRi": [
            3.911740779876709
        ],
        "SD-SDRi": [
            3.5758100298255324
        ],
        "SNRi": [
            4.6090492606163025
        ],
        "MIX-SI-SDR": [
            3.045416474342346
        ],
        "MIX-SD-SDR": [
            3.045407381192374
        ],
        "MIX-SNR": [
            3.0533984303474426
        ]
    }
}