{
    "combination": [
        0,
        1
    ],
    "permutation": [
        0,
        1
    ],
    "vocals": {
        "SI-SDR": [
            -0.14488725923001766
        ],
        "SI-SIR": [
            13.968981504440308
        ],
        "SI-SAR": [
            0.026908800937235355
        ],
        "SD-SDR": [
            -4.4229298157657055
        ],
        "SNR": [
            2.876194715499878
        ],
        "SRR": [
            -2.392777834990058
        ],
        "SI-SDRi": [
            10.401220032945275
        ],
        "SD-SDRi": [
            6.123180049331257
        ],
        "SNRi": [
            13.419216871261597
        ],
        "MIX-SI-SDR": [
            -10.546107292175293
        ],
        "MIX-SD-SDR": [
            -10.546109865096962
        ],
        "MIX-SNR": [
            -10.543022155761719
        ]
    },
    "non-vocals": {
        "SI-SDR": [
            13.25502634048462
        ],
        "SI-SIR": [
            15.221840143203735
        ],
        "SI-SAR": [
            17.641459703445435
        ],
        "SD-SDR": [
            13.19161666492758
        ],
        "SNR": [
            13.419216871261597
        ],
        "SRR": [
            31.518784512569976
        ],
        "SI-SDRi": [
            2.7138102054595947
        ],
        "SD-SDRi": [
            2.650397395094773
        ],
        "SNRi": [
            2.876194715499878
        ],
        "MIX-SI-SDR": [
            10.541216135025024
        ],
        "MIX-SD-SDR": [
            10.541219269832807
        ],
        "MIX-SNR": [
            10.543022155761719
        ]
    }
}