{
    "combination": [
        0,
        1
    ],
    "permutation": [
        0,
        1
    ],
    "vocals": {
        "SI-SDR": [
            2.090701311826706
        ],
        "SI-SIR": [
            8.674732446670532
        ],
        "SI-SAR": [
            3.1673893332481384
        ],
        "SD-SDR": [
            0.7430393722296098
        ],
        "SNR": [
            4.114042520523071
        ],
        "SRR": [
            6.481157580652237
        ],
        "SI-SDRi": [
            8.146093934774399
        ],
        "SD-SDRi": [
            6.798437330765042
        ],
        "SNRi": [
            10.142764449119568
        ],
        "MIX-SI-SDR": [
            -6.055392622947693
        ],
        "MIX-SD-SDR": [
            -6.055397958535432
        ],
        "MIX-SNR": [
            -6.028721928596497
        ]
    },
    "non-vocals": {
        "SI-SDR": [
            9.746900796890259
        ],
        "SI-SIR": [
            14.730019569396973
        ],
        "SI-SAR": [
            11.405563354492188
        ],
        "SD-SDR": [
            8.98121005770684
        ],
        "SNR": [
            10.14276385307312
        ],
        "SRR": [
            16.888251424232106
        ],
        "SI-SDRi": [
            3.725980520248413
        ],
        "SD-SDRi": [
            2.96030099856989
        ],
        "SNRi": [
            4.114042520523071
        ],
        "MIX-SI-SDR": [
            6.020920276641846
        ],
        "MIX-SD-SDR": [
            6.020909059136949
        ],
        "MIX-SNR": [
            6.028721332550049
        ]
    }
}