{
    "combination": [
        0,
        1
    ],
    "permutation": [
        0,
        1
    ],
    "vocals": {
        "SI-SDR": [
            3.340623378753662
        ],
        "SI-SIR": [
            9.916231632232666
        ],
        "SI-SAR": [
            4.4196584820747375
        ],
        "SD-SDR": [
            2.131085023957941
        ],
        "SNR": [
            4.964942932128906
        ],
        "SRR": [
            8.27330595751181
        ],
        "SI-SDRi": [
            5.084516257047653
        ],
        "SD-SDRi": [
            3.874983524416999
        ],
        "SNRi": [
            6.723434031009674
        ],
        "MIX-SI-SDR": [
            -1.743892878293991
        ],
        "MIX-SD-SDR": [
            -1.7438985004590581
        ],
        "MIX-SNR": [
            -1.7584910988807678
        ]
    },
    "non-vocals": {
        "SI-SDR": [
            5.703921318054199
        ],
        "SI-SIR": [
            11.04828953742981
        ],
        "SI-SAR": [
            7.204355001449585
        ],
        "SD-SDR": [
            4.915785116673979
        ],
        "SNR": [
            6.723434329032898
        ],
        "SRR": [
            12.714509233941227
        ],
        "SI-SDRi": [
            3.935839682817459
        ],
        "SD-SDRi": [
            3.147709074722785
        ],
        "SNRi": [
            4.96494323015213
        ],
        "MIX-SI-SDR": [
            1.7680816352367401
        ],
        "MIX-SD-SDR": [
            1.768076041951194
        ],
        "MIX-SNR": [
            1.7584910988807678
        ]
    }
}