{
    "combination": [
        0,
        1
    ],
    "permutation": [
        0,
        1
    ],
    "vocals": {
        "SI-SDR": [
            -0.10255771689116955
        ],
        "SI-SIR": [
            12.40924596786499
        ],
        "SI-SAR": [
            0.14809810556471348
        ],
        "SD-SDR": [
            -4.3767727608023765
        ],
        "SNR": [
            2.894829511642456
        ],
        "SRR": [
            -2.344302048304158
        ],
        "SI-SDRi": [
            9.604874672368169
        ],
        "SD-SDRi": [
            5.3306683484962925
        ],
        "SNRi": [
            12.617936134338379
        ],
        "MIX-SI-SDR": [
            -9.707432389259338
        ],
        "MIX-SD-SDR": [
            -9.707441109298669
        ],
        "MIX-SNR": [
            -9.723106622695923
        ]
    },
    "non-vocals": {
        "SI-SDR": [
            12.409340143203735
        ],
        "SI-SIR": [
            14.349489212036133
        ],
        "SI-SAR": [
            16.84284210205078
        ],
        "SD-SDR": [
            12.317971899070637
        ],
        "SNR": [
            12.617936134338379
        ],
        "SRR": [
            29.08448285656746
        ],
        "SI-SDRi": [
            2.6862621307373047
        ],
        "SD-SDRi": [
            2.5948959785216257
        ],
        "SNRi": [
            2.8948307037353516
        ],
        "MIX-SI-SDR": [
            9.72307801246643
        ],
        "MIX-SD-SDR": [
            9.723075920549011
        ],
        "MIX-SNR": [
            9.723105430603027
        ]
    }
}