{
    "combination": [
        0,
        1
    ],
    "permutation": [
        0,
        1
    ],
    "vocals": {
        "SI-SDR": [
            2.336469888687134
        ],
        "SI-SIR": [
            8.825067281723022
        ],
        "SI-SAR": [
            3.4402841329574585
        ],
        "SD-SDR": [
            -0.6644897168212918
        ],
        "SNR": [
            4.2581382393836975
        ],
        "SRR": [
            2.3550979997541663
        ],
        "SI-SDRi": [
            3.805253356695175
        ],
        "SD-SDRi": [
            0.8043454253441791
        ],
        "SNRi": [
            5.760646760463715
        ],
        "MIX-SI-SDR": [
            -1.4687834680080414
        ],
        "MIX-SD-SDR": [
            -1.4688351421654708
        ],
        "MIX-SNR": [
            -1.502508521080017
        ]
    },
    "non-vocals": {
        "SI-SDR": [
            4.633205831050873
        ],
        "SI-SIR": [
            7.128862738609314
        ],
        "SI-SAR": [
            8.227431178092957
        ],
        "SD-SDR": [
            4.122668748517259
        ],
        "SNR": [
            5.7606470584869385
        ],
        "SRR": [
            13.65826750371376
        ],
        "SI-SDRi": [
            3.1094522774219513
        ],
        "SD-SDRi": [
            2.5989574129461963
        ],
        "SNRi": [
            4.2581383883953094
        ],
        "MIX-SI-SDR": [
            1.5237535536289215
        ],
        "MIX-SD-SDR": [
            1.5237113355710625
        ],
        "MIX-SNR": [
            1.502508670091629
        ]
    }
}