{
    "combination": [
        0,
        1
    ],
    "permutation": [
        0,
        1
    ],
    "vocals": {
        "SI-SDR": [
            1.9739650189876556
        ],
        "SI-SIR": [
            10.965102910995483
        ],
        "SI-SAR": [
            2.5594526529312134
        ],
        "SD-SDR": [
            -0.1941082447042568
        ],
        "SNR": [
            4.108915328979492
        ],
        "SRR": [
            3.8606585245955047
        ],
        "SI-SDRi": [
            5.521959811449051
        ],
        "SD-SDRi": [
            3.3540391444593705
        ],
        "SNRi": [
            7.735123634338379
        ],
        "MIX-SI-SDR": [
            -3.5479947924613953
        ],
        "MIX-SD-SDR": [
            -3.5481473891636273
        ],
        "MIX-SNR": [
            -3.6262083053588867
        ]
    },
    "non-vocals": {
        "SI-SDR": [
            7.037953734397888
        ],
        "SI-SIR": [
            10.735183954238892
        ],
        "SI-SAR": [
            9.4552481174469
        ],
        "SD-SDR": [
            6.701692160026274
        ],
        "SNR": [
            7.735124230384827
        ],
        "SRR": [
            17.968808847172596
        ],
        "SI-SDRi": [
            3.3788496255874634
        ],
        "SD-SDRi": [
            3.042768431215667
        ],
        "SNRi": [
            4.108915627002716
        ],
        "MIX-SI-SDR": [
            3.659104108810425
        ],
        "MIX-SD-SDR": [
            3.6589237288106076
        ],
        "MIX-SNR": [
            3.6262086033821106
        ]
    }
}