{
    "combination": [
        0,
        1
    ],
    "permutation": [
        0,
        1
    ],
    "vocals": {
        "SI-SDR": [
            -17.399065494537354
        ],
        "SI-SIR": [
            -6.00665807723999
        ],
        "SI-SAR": [
            -17.07188129425049
        ],
        "SD-SDR": [
            -17.820132688769537
        ],
        "SNR": [
            -7.2802793979644775
        ],
        "SRR": [
            -7.476839056901982
        ],
        "SI-SDRi": [
            7.968809604644775
        ],
        "SD-SDRi": [
            7.547807432589821
        ],
        "SNRi": [
            18.776696920394897
        ],
        "MIX-SI-SDR": [
            -25.36787509918213
        ],
        "MIX-SD-SDR": [
            -25.367940121359357
        ],
        "MIX-SNR": [
            -26.056976318359375
        ]
    },
    "non-vocals": {
        "SI-SDR": [
            18.808987140655518
        ],
        "SI-SIR": [
            28.828840255737305
        ],
        "SI-SAR": [
            19.264312982559204
        ],
        "SD-SDR": [
            18.516079100401424
        ],
        "SNR": [
            18.776698112487793
        ],
        "SRR": [
            30.32552892507267
        ],
        "SI-SDRi": [
            -7.248365879058838
        ],
        "SD-SDRi": [
            -7.541246153801982
        ],
        "SNRi": [
            -7.280278205871582
        ],
        "MIX-SI-SDR": [
            26.057353019714355
        ],
        "MIX-SD-SDR": [
            26.057325254203406
        ],
        "MIX-SNR": [
            26.056976318359375
        ]
    }
}