{
    "combination": [
        0,
        1
    ],
    "permutation": [
        0,
        1
    ],
    "vocals": {
        "SI-SDR": [
            4.134348630905151
        ],
        "SI-SIR": [
            13.720192909240723
        ],
        "SI-SAR": [
            4.640479385852814
        ],
        "SD-SDR": [
            2.5902723804261125
        ],
        "SNR": [
            5.549767017364502
        ],
        "SRR": [
            7.830212744796893
        ],
        "SI-SDRi": [
            12.064458727836609
        ],
        "SD-SDRi": [
            10.520382604462075
        ],
        "SNRi": [
            13.460111021995544
        ],
        "MIX-SI-SDR": [
            -7.9301100969314575
        ],
        "MIX-SD-SDR": [
            -7.930110224035961
        ],
        "MIX-SNR": [
            -7.9103440046310425
        ]
    },
    "non-vocals": {
        "SI-SDR": [
            13.28061580657959
        ],
        "SI-SIR": [
            18.17516326904297
        ],
        "SI-SAR": [
            14.981105327606201
        ],
        "SD-SDR": [
            12.930899167362156
        ],
        "SNR": [
            13.460110425949097
        ],
        "SRR": [
            24.03775556894025
        ],
        "SI-SDRi": [
            5.374079942703247
        ],
        "SD-SDRi": [
            5.024376694146961
        ],
        "SNRi": [
            5.5497658252716064
        ],
        "MIX-SI-SDR": [
            7.906535863876343
        ],
        "MIX-SD-SDR": [
            7.906522473215195
        ],
        "MIX-SNR": [
            7.91034460067749
        ]
    }
}