{
    "combination": [
        0,
        1
    ],
    "permutation": [
        0,
        1
    ],
    "vocals": {
        "SI-SDR": [
            0.5505173653364182
        ],
        "SI-SIR": [
            4.376979470252991
        ],
        "SI-SAR": [
            2.874043583869934
        ],
        "SD-SDR": [
            -0.7756841455056018
        ],
        "SNR": [
            3.0918672680854797
        ],
        "SRR": [
            5.0221526110841825
        ],
        "SI-SDRi": [
            3.9851202815771103
        ],
        "SD-SDRi": [
            2.6589237207765795
        ],
        "SNRi": [
            6.514935791492462
        ],
        "MIX-SI-SDR": [
            -3.434602916240692
        ],
        "MIX-SD-SDR": [
            -3.4346078662821813
        ],
        "MIX-SNR": [
            -3.4230685234069824
        ]
    },
    "non-vocals": {
        "SI-SDR": [
            5.470342636108398
        ],
        "SI-SIR": [
            9.691434502601624
        ],
        "SI-SAR": [
            7.534847259521484
        ],
        "SD-SDR": [
            3.8851085960404363
        ],
        "SNR": [
            6.514936089515686
        ],
        "SRR": [
            9.029676093707765
        ],
        "SI-SDRi": [
            2.0530107617378235
        ],
        "SD-SDRi": [
            0.46778828346885915
        ],
        "SNRi": [
            3.091866672039032
        ],
        "MIX-SI-SDR": [
            3.417331874370575
        ],
        "MIX-SD-SDR": [
            3.417320312571577
        ],
        "MIX-SNR": [
            3.423069417476654
        ]
    }
}