{
    "combination": [
        0,
        1
    ],
    "permutation": [
        0,
        1
    ],
    "vocals": {
        "SI-SDR": [
            1.9514638185501099
        ],
        "SI-SIR": [
            7.979879379272461
        ],
        "SI-SAR": [
            3.198222517967224
        ],
        "SD-SDR": [
            0.7178335286604116
        ],
        "SNR": [
            3.9920207858085632
        ],
        "SRR": [
            6.78575713958624
        ],
        "SI-SDRi": [
            5.02841055393219
        ],
        "SD-SDRi": [
            3.7947845298508307
        ],
        "SNRi": [
            7.06485390663147
        ],
        "MIX-SI-SDR": [
            -3.07694673538208
        ],
        "MIX-SD-SDR": [
            -3.076951001190419
        ],
        "MIX-SNR": [
            -3.0728331208229065
        ]
    },
    "non-vocals": {
        "SI-SDR": [
            6.114305257797241
        ],
        "SI-SIR": [
            11.280580759048462
        ],
        "SI-SAR": [
            7.690383195877075
        ],
        "SD-SDR": [
            5.209995063925495
        ],
        "SNR": [
            7.06485390663147
        ],
        "SRR": [
            12.466141424613797
        ],
        "SI-SDRi": [
            3.043942451477051
        ],
        "SD-SDRi": [
            2.1396352990100556
        ],
        "SNRi": [
            3.992021679878235
        ],
        "MIX-SI-SDR": [
            3.0703628063201904
        ],
        "MIX-SD-SDR": [
            3.0703597649154397
        ],
        "MIX-SNR": [
            3.072832226753235
        ]
    }
}