{
    "combination": [
        0,
        1
    ],
    "permutation": [
        0,
        1
    ],
    "vocals": {
        "SI-SDR": [
            3.783186376094818
        ],
        "SI-SIR": [
            10.433778762817383
        ],
        "SI-SAR": [
            4.841330051422119
        ],
        "SD-SDR": [
            3.376415145265057
        ],
        "SNR": [
            4.9796682596206665
        ],
        "SRR": [
            13.862290794980074
        ],
        "SI-SDRi": [
            7.399152219295502
        ],
        "SD-SDRi": [
            6.992452400006007
        ],
        "SNRi": [
            8.64932656288147
        ],
        "MIX-SI-SDR": [
            -3.6159658432006836
        ],
        "MIX-SD-SDR": [
            -3.6160372547409505
        ],
        "MIX-SNR": [
            -3.6696583032608032
        ]
    },
    "non-vocals": {
        "SI-SDR": [
            8.043662309646606
        ],
        "SI-SIR": [
            17.53122329711914
        ],
        "SI-SAR": [
            8.56208622455597
        ],
        "SD-SDR": [
            7.0971734819618115
        ],
        "SNR": [
            8.649325966835022
        ],
        "SRR": [
            14.1699683310057
        ],
        "SI-SDRi": [
            4.352308809757233
        ],
        "SD-SDRi": [
            3.4059117517340405
        ],
        "SNRi": [
            4.979667663574219
        ],
        "MIX-SI-SDR": [
            3.691353499889374
        ],
        "MIX-SD-SDR": [
            3.691261730227771
        ],
        "MIX-SNR": [
            3.6696583032608032
        ]
    }
}