{
    "combination": [
        0,
        1
    ],
    "permutation": [
        0,
        1
    ],
    "vocals": {
        "SI-SDR": [
            3.4335756301879883
        ],
        "SI-SIR": [
            12.001851797103882
        ],
        "SI-SAR": [
            4.083797633647919
        ],
        "SD-SDR": [
            0.4008303731062357
        ],
        "SNR": [
            4.891282320022583
        ],
        "SRR": [
            3.3887451064691003
        ],
        "SI-SDRi": [
            6.537855267524719
        ],
        "SD-SDRi": [
            3.5051225698664097
        ],
        "SNRi": [
            7.973009943962097
        ],
        "MIX-SI-SDR": [
            -3.104279637336731
        ],
        "MIX-SD-SDR": [
            -3.104292196760174
        ],
        "MIX-SNR": [
            -3.081727623939514
        ]
    },
    "non-vocals": {
        "SI-SDR": [
            7.318533658981323
        ],
        "SI-SIR": [
            9.99790072441101
        ],
        "SI-SAR": [
            10.68704605102539
        ],
        "SD-SDR": [
            7.0040787087378416
        ],
        "SNR": [
            7.973009347915649
        ],
        "SRR": [
            18.56146390187351
        ],
        "SI-SDRi": [
            4.248019456863403
        ],
        "SD-SDRi": [
            3.9335799070586037
        ],
        "SNRi": [
            4.891281723976135
        ],
        "MIX-SI-SDR": [
            3.07051420211792
        ],
        "MIX-SD-SDR": [
            3.070498801679238
        ],
        "MIX-SNR": [
            3.081727623939514
        ]
    }
}