{
    "combination": [
        0,
        1
    ],
    "permutation": [
        0,
        1
    ],
    "vocals": {
        "SI-SDR": [
            4.679737687110901
        ],
        "SI-SIR": [
            13.577272891998291
        ],
        "SI-SAR": [
            5.279028415679932
        ],
        "SD-SDR": [
            2.562217023769222
        ],
        "SNR": [
            5.864720344543457
        ],
        "SRR": [
            6.695912917724537
        ],
        "SI-SDRi": [
            8.57830286026001
        ],
        "SD-SDRi": [
            6.46077732185605
        ],
        "SNRi": [
            9.766572713851929
        ],
        "MIX-SI-SDR": [
            -3.898565173149109
        ],
        "MIX-SD-SDR": [
            -3.8985602980868275
        ],
        "MIX-SNR": [
            -3.9018523693084717
        ]
    },
    "non-vocals": {
        "SI-SDR": [
            9.29206669330597
        ],
        "SI-SIR": [
            13.068716526031494
        ],
        "SI-SAR": [
            11.651163101196289
        ],
        "SD-SDR": [
            8.934354730936663
        ],
        "SNR": [
            9.766572713851929
        ],
        "SRR": [
            19.952113107498572
        ],
        "SI-SDRi": [
            5.388962030410767
        ],
        "SD-SDRi": [
            5.031251641691574
        ],
        "SNRi": [
            5.864720344543457
        ],
        "MIX-SI-SDR": [
            3.9031046628952026
        ],
        "MIX-SD-SDR": [
            3.9031030892450893
        ],
        "MIX-SNR": [
            3.9018523693084717
        ]
    }
}