{
    "combination": [
        0,
        1
    ],
    "permutation": [
        0,
        1
    ],
    "vocals": {
        "SI-SDR": [
            2.175479382276535
        ],
        "SI-SIR": [
            11.319468021392822
        ],
        "SI-SAR": [
            2.739480435848236
        ],
        "SD-SDR": [
            0.17689842657278199
        ],
        "SNR": [
            4.232606589794159
        ],
        "SRR": [
            4.508335383282573
        ],
        "SI-SDRi": [
            7.408115118741989
        ],
        "SD-SDRi": [
            5.4095385609208675
        ],
        "SNRi": [
            9.459240138530731
        ],
        "MIX-SI-SDR": [
            -5.232635736465454
        ],
        "MIX-SD-SDR": [
            -5.2326401343480855
        ],
        "MIX-SNR": [
            -5.226633548736572
        ]
    },
    "non-vocals": {
        "SI-SDR": [
            8.954967260360718
        ],
        "SI-SIR": [
            12.939941883087158
        ],
        "SI-SAR": [
            11.169593334197998
        ],
        "SD-SDR": [
            8.607009886926553
        ],
        "SNR": [
            9.459239840507507
        ],
        "SRR": [
            19.735551474378944
        ],
        "SI-SDRi": [
            3.730764389038086
        ],
        "SD-SDRi": [
            3.3828016742806746
        ],
        "SNRi": [
            4.232606291770935
        ],
        "MIX-SI-SDR": [
            5.224202871322632
        ],
        "MIX-SD-SDR": [
            5.224208212645879
        ],
        "MIX-SNR": [
            5.226633548736572
        ]
    }
}