{
    "combination": [
        0,
        1
    ],
    "permutation": [
        0,
        1
    ],
    "vocals": {
        "SI-SDR": [
            4.737191200256348
        ],
        "SI-SIR": [
            11.27915620803833
        ],
        "SI-SAR": [
            5.825825929641724
        ],
        "SD-SDR": [
            3.009771734710611
        ],
        "SNR": [
            5.9639739990234375
        ],
        "SRR": [
            7.848555390026793
        ],
        "SI-SDRi": [
            6.550359129905701
        ],
        "SD-SDRi": [
            4.822944681556211
        ],
        "SNRi": [
            7.788861244916916
        ],
        "MIX-SI-SDR": [
            -1.813167929649353
        ],
        "MIX-SD-SDR": [
            -1.8131729468456
        ],
        "MIX-SNR": [
            -1.8248872458934784
        ]
    },
    "non-vocals": {
        "SI-SDR": [
            7.001529932022095
        ],
        "SI-SIR": [
            11.136034727096558
        ],
        "SI-SAR": [
            9.11957561969757
        ],
        "SD-SDR": [
            6.303518006196019
        ],
        "SNR": [
            7.788861393928528
        ],
        "SRR": [
            14.586496206299886
        ],
        "SI-SDRi": [
            5.169001221656799
        ],
        "SD-SDRi": [
            4.470997456482131
        ],
        "SNRi": [
            5.963973850011826
        ],
        "MIX-SI-SDR": [
            1.8325287103652954
        ],
        "MIX-SD-SDR": [
            1.8325205497138886
        ],
        "MIX-SNR": [
            1.8248875439167023
        ]
    }
}