{
    "combination": [
        0,
        1
    ],
    "permutation": [
        0,
        1
    ],
    "vocals": {
        "SI-SDR": [
            -2.114962935447693
        ],
        "SI-SIR": [
            4.445505738258362
        ],
        "SI-SAR": [
            -1.0316028445959091
        ],
        "SD-SDR": [
            -6.416045115110009
        ],
        "SNR": [
            2.079952508211136
        ],
        "SRR": [
            -4.399541497313429
        ],
        "SI-SDRi": [
            4.981250166893005
        ],
        "SD-SDRi": [
            0.6801690817141832
        ],
        "SNRi": [
            9.190736562013626
        ],
        "MIX-SI-SDR": [
            -7.096213102340698
        ],
        "MIX-SD-SDR": [
            -7.096214196824192
        ],
        "MIX-SNR": [
            -7.11078405380249
        ]
    },
    "non-vocals": {
        "SI-SDR": [
            8.652302026748657
        ],
        "SI-SIR": [
            10.296506881713867
        ],
        "SI-SAR": [
            13.666741847991943
        ],
        "SD-SDR": [
            8.28230317501434
        ],
        "SNR": [
            9.190735816955566
        ],
        "SRR": [
            19.152256793088654
        ],
        "SI-SDRi": [
            1.539728045463562
        ],
        "SD-SDRi": [
            1.1697342082449138
        ],
        "SNRi": [
            2.079951763153076
        ],
        "MIX-SI-SDR": [
            7.112573981285095
        ],
        "MIX-SD-SDR": [
            7.112568966769426
        ],
        "MIX-SNR": [
            7.11078405380249
        ]
    }
}