{
    "combination": [
        0,
        1
    ],
    "permutation": [
        0,
        1
    ],
    "vocals": {
        "SI-SDR": [
            6.354290843009949
        ],
        "SI-SIR": [
            15.152945518493652
        ],
        "SI-SAR": [
            6.968427300453186
        ],
        "SD-SDR": [
            5.35212434896907
        ],
        "SNR": [
            7.2566139698028564
        ],
        "SRR": [
            12.211076795145917
        ],
        "SI-SDRi": [
            8.484114110469818
        ],
        "SD-SDRi": [
            7.48195541619468
        ],
        "SNRi": [
            9.391012191772461
        ],
        "MIX-SI-SDR": [
            -2.1298232674598694
        ],
        "MIX-SD-SDR": [
            -2.129831067225609
        ],
        "MIX-SNR": [
            -2.1343982219696045
        ]
    },
    "non-vocals": {
        "SI-SDR": [
            8.861003518104553
        ],
        "SI-SIR": [
            15.238568782806396
        ],
        "SI-SAR": [
            9.9976247549057
        ],
        "SD-SDR": [
            8.38132710819827
        ],
        "SNR": [
            9.391011595726013
        ],
        "SRR": [
            18.182840350957818
        ],
        "SI-SDRi": [
            6.72461211681366
        ],
        "SD-SDRi": [
            6.244934711120084
        ],
        "SNRi": [
            7.256613224744797
        ],
        "MIX-SI-SDR": [
            2.1363914012908936
        ],
        "MIX-SD-SDR": [
            2.1363923970781866
        ],
        "MIX-SNR": [
            2.1343983709812164
        ]
    }
}