{
    "combination": [
        0,
        1
    ],
    "permutation": [
        0,
        1
    ],
    "vocals": {
        "SI-SDR": [
            1.8852181732654572
        ],
        "SI-SIR": [
            7.886872887611389
        ],
        "SI-SAR": [
            3.1409257650375366
        ],
        "SD-SDR": [
            0.6418863609174363
        ],
        "SNR": [
            3.9492523670196533
        ],
        "SRR": [
            6.680547853917462
        ],
        "SI-SDRi": [
            7.670884877443314
        ],
        "SD-SDRi": [
            6.427548946166629
        ],
        "SNRi": [
            9.727540016174316
        ],
        "MIX-SI-SDR": [
            -5.7856667041778564
        ],
        "MIX-SD-SDR": [
            -5.785662585249193
        ],
        "MIX-SNR": [
            -5.778287649154663
        ]
    },
    "non-vocals": {
        "SI-SDR": [
            9.307663440704346
        ],
        "SI-SIR": [
            14.441214799880981
        ],
        "SI-SAR": [
            10.898144245147705
        ],
        "SD-SDR": [
            8.399096211981401
        ],
        "SNR": [
            9.727538824081421
        ],
        "SRR": [
            15.636744879969038
        ],
        "SI-SDRi": [
            3.5318684577941895
        ],
        "SD-SDRi": [
            2.623300703623616
        ],
        "SNRi": [
            3.949251174926758
        ],
        "MIX-SI-SDR": [
            5.775794982910156
        ],
        "MIX-SD-SDR": [
            5.775795508357786
        ],
        "MIX-SNR": [
            5.778287649154663
        ]
    }
}