{
    "combination": [
        0,
        1
    ],
    "permutation": [
        0,
        1
    ],
    "vocals": {
        "SI-SDR": [
            78.80929946899414
        ],
        "SI-SIR": [
            78.80924701690674
        ],
        "SI-SAR": [
            151.95317268371582
        ],
        "SD-SDR": [
            Infinity
        ],
        "SNR": [
            Infinity
        ],
        "SRR": [
            78.80930041549503
        ],
        "SI-SDRi": [
            83.52169394493103
        ],
        "SD-SDRi": [
            Infinity
        ],
        "SNRi": [
            Infinity
        ],
        "MIX-SI-SDR": [
            -4.71239447593689
        ],
        "MIX-SD-SDR": [
            -4.71239448361688
        ],
        "MIX-SNR": [
            -4.723275303840637
        ]
    },
    "non-vocals": {
        "SI-SDR": [
            76.79174423217773
        ],
        "SI-SIR": [
            76.7916488647461
        ],
        "SI-SAR": [
            151.9162940979004
        ],
        "SD-SDR": [
            Infinity
        ],
        "SNR": [
            Infinity
        ],
        "SRR": [
            76.79174579627171
        ],
        "SI-SDRi": [
            72.06551611423492
        ],
        "SD-SDRi": [
            Infinity
        ],
        "SNRi": [
            Infinity
        ],
        "MIX-SI-SDR": [
            4.72622811794281
        ],
        "MIX-SD-SDR": [
            4.726223732872462
        ],
        "MIX-SNR": [
            4.723275303840637
        ]
    }
}