{
    "combination": [
        0,
        1
    ],
    "permutation": [
        0,
        1
    ],
    "vocals": {
        "SI-SDR": [
            78.03652286529541
        ],
        "SI-SIR": [
            78.03649425506592
        ],
        "SI-SAR": [
            151.92774772644043
        ],
        "SD-SDR": [
            Infinity
        ],
        "SNR": [
            Infinity
        ],
        "SRR": [
            78.03652363291367
        ],
        "SI-SDRi": [
            78.98718409240246
        ],
        "SD-SDRi": [
            Infinity
        ],
        "SNRi": [
            Infinity
        ],
        "MIX-SI-SDR": [
            -0.950661227107048
        ],
        "MIX-SD-SDR": [
            -0.9506982643041147
        ],
        "MIX-SNR": [
            -0.9235943108797073
        ]
    },
    "non-vocals": {
        "SI-SDR": [
            79.21599388122559
        ],
        "SI-SIR": [
            79.21602249145508
        ],
        "SI-SAR": [
            151.93378448486328
        ],
        "SD-SDR": [
            Infinity
        ],
        "SNR": [
            Infinity
        ],
        "SRR": [
            79.21599379663385
        ],
        "SI-SDRi": [
            78.31434726715088
        ],
        "SD-SDRi": [
            Infinity
        ],
        "SNRi": [
            Infinity
        ],
        "MIX-SI-SDR": [
            0.901646614074707
        ],
        "MIX-SD-SDR": [
            0.9016199706350541
        ],
        "MIX-SNR": [
            0.9235943853855133
        ]
    }
}