{
    "combination": [
        0,
        1
    ],
    "permutation": [
        0,
        1
    ],
    "vocals": {
        "SI-SDR": [
            77.12744235992432
        ],
        "SI-SIR": [
            77.12741374969482
        ],
        "SI-SAR": [
            151.99346542358398
        ],
        "SD-SDR": [
            Infinity
        ],
        "SNR": [
            Infinity
        ],
        "SRR": [
            77.12745126181437
        ],
        "SI-SDRi": [
            90.78382730484009
        ],
        "SD-SDRi": [
            Infinity
        ],
        "SNRi": [
            Infinity
        ],
        "MIX-SI-SDR": [
            -13.656384944915771
        ],
        "MIX-SD-SDR": [
            -13.656388149527402
        ],
        "MIX-SNR": [
            -13.662264347076416
        ]
    },
    "non-vocals": {
        "SI-SDR": [
            72.65773296356201
        ],
        "SI-SIR": [
            72.65772819519043
        ],
        "SI-SAR": [
            151.91993713378906
        ],
        "SD-SDR": [
            Infinity
        ],
        "SNR": [
            Infinity
        ],
        "SRR": [
            72.6577306923889
        ],
        "SI-SDRi": [
            58.996392488479614
        ],
        "SD-SDRi": [
            Infinity
        ],
        "SNRi": [
            Infinity
        ],
        "MIX-SI-SDR": [
            13.661340475082397
        ],
        "MIX-SD-SDR": [
            13.66133674910805
        ],
        "MIX-SNR": [
            13.662261962890625
        ]
    }
}