{
    "combination": [
        0,
        1
    ],
    "permutation": [
        0,
        1
    ],
    "vocals": {
        "SI-SDR": [
            78.80027770996094
        ],
        "SI-SIR": [
            78.80023002624512
        ],
        "SI-SAR": [
            151.93540573120117
        ],
        "SD-SDR": [
            Infinity
        ],
        "SNR": [
            Infinity
        ],
        "SRR": [
            78.80027507820652
        ],
        "SI-SDRi": [
            85.81631183624268
        ],
        "SD-SDRi": [
            Infinity
        ],
        "SNRi": [
            Infinity
        ],
        "MIX-SI-SDR": [
            -7.016034126281738
        ],
        "MIX-SD-SDR": [
            -7.0161813904207495
        ],
        "MIX-SNR": [
            -7.131821513175964
        ]
    },
    "non-vocals": {
        "SI-SDR": [
            69.91320133209229
        ],
        "SI-SIR": [
            69.91313457489014
        ],
        "SI-SAR": [
            151.9019603729248
        ],
        "SD-SDR": [
            Infinity
        ],
        "SNR": [
            Infinity
        ],
        "SRR": [
            69.91319112573558
        ],
        "SI-SDRi": [
            62.76057481765747
        ],
        "SD-SDRi": [
            Infinity
        ],
        "SNRi": [
            Infinity
        ],
        "MIX-SI-SDR": [
            7.1526265144348145
        ],
        "MIX-SD-SDR": [
            7.1524725849262385
        ],
        "MIX-SNR": [
            7.131821513175964
        ]
    }
}