{
    "combination": [
        0,
        1
    ],
    "permutation": [
        0,
        1
    ],
    "vocals": {
        "SI-SDR": [
            74.70769882202148
        ],
        "SI-SIR": [
            74.70763206481934
        ],
        "SI-SAR": [
            151.96619987487793
        ],
        "SD-SDR": [
            Infinity
        ],
        "SNR": [
            Infinity
        ],
        "SRR": [
            74.70769724021496
        ],
        "SI-SDRi": [
            78.78191232681274
        ],
        "SD-SDRi": [
            Infinity
        ],
        "SNRi": [
            Infinity
        ],
        "MIX-SI-SDR": [
            -4.07421350479126
        ],
        "MIX-SD-SDR": [
            -4.074211324863689
        ],
        "MIX-SNR": [
            -4.081963300704956
        ]
    },
    "non-vocals": {
        "SI-SDR": [
            82.0428466796875
        ],
        "SI-SIR": [
            82.0428466796875
        ],
        "SI-SAR": [
            151.94236755371094
        ],
        "SD-SDR": [
            Infinity
        ],
        "SNR": [
            Infinity
        ],
        "SRR": [
            82.042840914317
        ],
        "SI-SDRi": [
            77.95809924602509
        ],
        "SD-SDRi": [
            Infinity
        ],
        "SNRi": [
            Infinity
        ],
        "MIX-SI-SDR": [
            4.0847474336624146
        ],
        "MIX-SD-SDR": [
            4.084739166458758
        ],
        "MIX-SNR": [
            4.08196359872818
        ]
    }
}