{
    "combination": [
        0,
        1
    ],
    "permutation": [
        0,
        1
    ],
    "vocals": {
        "SI-SDR": [
            78.2621717453003
        ],
        "SI-SIR": [
            78.26212406158447
        ],
        "SI-SAR": [
            151.79783821105957
        ],
        "SD-SDR": [
            Infinity
        ],
        "SNR": [
            Infinity
        ],
        "SRR": [
            78.26249787892196
        ],
        "SI-SDRi": [
            86.77760481834412
        ],
        "SD-SDRi": [
            Infinity
        ],
        "SNRi": [
            Infinity
        ],
        "MIX-SI-SDR": [
            -8.515433073043823
        ],
        "MIX-SD-SDR": [
            -8.515454443182891
        ],
        "MIX-SNR": [
            -8.568496108055115
        ]
    },
    "non-vocals": {
        "SI-SDR": [
            77.34595775604248
        ],
        "SI-SIR": [
            77.34601497650146
        ],
        "SI-SAR": [
            151.94113731384277
        ],
        "SD-SDR": [
            Infinity
        ],
        "SNR": [
            Infinity
        ],
        "SRR": [
            77.34595837941066
        ],
        "SI-SDRi": [
            68.77084374427795
        ],
        "SD-SDRi": [
            Infinity
        ],
        "SNRi": [
            Infinity
        ],
        "MIX-SI-SDR": [
            8.575114011764526
        ],
        "MIX-SD-SDR": [
            8.575092453726334
        ],
        "MIX-SNR": [
            8.568496108055115
        ]
    }
}