{
    "combination": [
        0,
        1
    ],
    "permutation": [
        0,
        1
    ],
    "vocals": {
        "SI-SDR": [
            87.15645790100098
        ],
        "SI-SIR": [
            87.15640068054199
        ],
        "SI-SAR": [
            151.9249439239502
        ],
        "SD-SDR": [
            Infinity
        ],
        "SNR": [
            Infinity
        ],
        "SRR": [
            87.15646058215945
        ],
        "SI-SDRi": [
            107.5763463973999
        ],
        "SD-SDRi": [
            Infinity
        ],
        "SNRi": [
            Infinity
        ],
        "MIX-SI-SDR": [
            -20.419888496398926
        ],
        "MIX-SD-SDR": [
            -20.425114078973813
        ],
        "MIX-SNR": [
            -17.72760510444641
        ]
    },
    "non-vocals": {
        "SI-SDR": [
            87.67935752868652
        ],
        "SI-SIR": [
            87.67936706542969
        ],
        "SI-SAR": [
            151.90740585327148
        ],
        "SD-SDR": [
            Infinity
        ],
        "SNR": [
            Infinity
        ],
        "SRR": [
            87.67937443956286
        ],
        "SI-SDRi": [
            69.98599529266357
        ],
        "SD-SDRi": [
            Infinity
        ],
        "SNRi": [
            Infinity
        ],
        "MIX-SI-SDR": [
            17.69336223602295
        ],
        "MIX-SD-SDR": [
            17.68813315798637
        ],
        "MIX-SNR": [
            17.72760510444641
        ]
    }
}