{
    "combination": [
        0,
        1
    ],
    "permutation": [
        0,
        1
    ],
    "vocals": {
        "SI-SDR": [
            75.06702899932861
        ],
        "SI-SIR": [
            75.06697654724121
        ],
        "SI-SAR": [
            151.92275047302246
        ],
        "SD-SDR": [
            Infinity
        ],
        "SNR": [
            Infinity
        ],
        "SRR": [
            75.06703111300982
        ],
        "SI-SDRi": [
            79.63711857795715
        ],
        "SD-SDRi": [
            Infinity
        ],
        "SNRi": [
            Infinity
        ],
        "MIX-SI-SDR": [
            -4.57008957862854
        ],
        "MIX-SD-SDR": [
            -4.570099063266153
        ],
        "MIX-SNR": [
            -4.554357528686523
        ]
    },
    "non-vocals": {
        "SI-SDR": [
            75.65277576446533
        ],
        "SI-SIR": [
            75.65276622772217
        ],
        "SI-SAR": [
            151.93706512451172
        ],
        "SD-SDR": [
            Infinity
        ],
        "SNR": [
            Infinity
        ],
        "SRR": [
            75.65278208825985
        ],
        "SI-SDRi": [
            71.1044231057167
        ],
        "SD-SDRi": [
            Infinity
        ],
        "SNRi": [
            Infinity
        ],
        "MIX-SI-SDR": [
            4.548352658748627
        ],
        "MIX-SD-SDR": [
            4.548351901260956
        ],
        "MIX-SNR": [
            4.554356932640076
        ]
    }
}