{
    "combination": [
        0,
        1
    ],
    "permutation": [
        0,
        1
    ],
    "vocals": {
        "SI-SDR": [
            78.75977039337158
        ],
        "SI-SIR": [
            78.75964164733887
        ],
        "SI-SAR": [
            151.91250801086426
        ],
        "SD-SDR": [
            Infinity
        ],
        "SNR": [
            Infinity
        ],
        "SRR": [
            78.75977668686733
        ],
        "SI-SDRi": [
            87.02969372272491
        ],
        "SD-SDRi": [
            Infinity
        ],
        "SNRi": [
            Infinity
        ],
        "MIX-SI-SDR": [
            -8.269923329353333
        ],
        "MIX-SD-SDR": [
            -8.269925654305315
        ],
        "MIX-SNR": [
            -8.252933025360107
        ]
    },
    "non-vocals": {
        "SI-SDR": [
            77.52325534820557
        ],
        "SI-SIR": [
            77.52323627471924
        ],
        "SI-SAR": [
            151.9325828552246
        ],
        "SD-SDR": [
            Infinity
        ],
        "SNR": [
            Infinity
        ],
        "SRR": [
            77.52325140433092
        ],
        "SI-SDRi": [
            69.2735356092453
        ],
        "SD-SDRi": [
            Infinity
        ],
        "SNRi": [
            Infinity
        ],
        "MIX-SI-SDR": [
            8.249719738960266
        ],
        "MIX-SD-SDR": [
            8.249716875021859
        ],
        "MIX-SNR": [
            8.252933025360107
        ]
    }
}