{
    "combination": [
        0,
        1
    ],
    "permutation": [
        0,
        1
    ],
    "vocals": {
        "SI-SDR": [
            83.78523826599121
        ],
        "SI-SIR": [
            83.78520011901855
        ],
        "SI-SAR": [
            151.8889617919922
        ],
        "SD-SDR": [
            Infinity
        ],
        "SNR": [
            Infinity
        ],
        "SRR": [
            83.78524141134882
        ],
        "SI-SDRi": [
            89.76387619972229
        ],
        "SD-SDRi": [
            Infinity
        ],
        "SNRi": [
            Infinity
        ],
        "MIX-SI-SDR": [
            -5.978637933731079
        ],
        "MIX-SD-SDR": [
            -5.978663989469845
        ],
        "MIX-SNR": [
            -6.020065546035767
        ]
    },
    "non-vocals": {
        "SI-SDR": [
            77.67248630523682
        ],
        "SI-SIR": [
            77.67248630523682
        ],
        "SI-SAR": [
            152.01167106628418
        ],
        "SD-SDR": [
            Infinity
        ],
        "SNR": [
            Infinity
        ],
        "SRR": [
            77.67248985238653
        ],
        "SI-SDRi": [
            71.64269030094147
        ],
        "SD-SDRi": [
            Infinity
        ],
        "SNRi": [
            Infinity
        ],
        "MIX-SI-SDR": [
            6.029796004295349
        ],
        "MIX-SD-SDR": [
            6.029763384529688
        ],
        "MIX-SNR": [
            6.020066738128662
        ]
    }
}