{
    "combination": [
        0,
        1
    ],
    "permutation": [
        0,
        1
    ],
    "vocals": {
        "SI-SDR": [
            71.6626501083374
        ],
        "SI-SIR": [
            71.66231155395508
        ],
        "SI-SAR": [
            151.2955093383789
        ],
        "SD-SDR": [
            Infinity
        ],
        "SNR": [
            Infinity
        ],
        "SRR": [
            71.66264780175146
        ],
        "SI-SDRi": [
            80.3236174583435
        ],
        "SD-SDRi": [
            Infinity
        ],
        "SNRi": [
            Infinity
        ],
        "MIX-SI-SDR": [
            -8.660967350006104
        ],
        "MIX-SD-SDR": [
            -8.660977268502915
        ],
        "MIX-SNR": [
            -8.642514944076538
        ]
    },
    "non-vocals": {
        "SI-SDR": [
            78.34771156311035
        ],
        "SI-SIR": [
            78.34770679473877
        ],
        "SI-SAR": [
            151.93446159362793
        ],
        "SD-SDR": [
            Infinity
        ],
        "SNR": [
            Infinity
        ],
        "SRR": [
            78.34770646192587
        ],
        "SI-SDRi": [
            69.70827102661133
        ],
        "SD-SDRi": [
            Infinity
        ],
        "SNRi": [
            Infinity
        ],
        "MIX-SI-SDR": [
            8.639440536499023
        ],
        "MIX-SD-SDR": [
            8.639440700220321
        ],
        "MIX-SNR": [
            8.642514944076538
        ]
    }
}