{
    "combination": [
        0,
        1
    ],
    "permutation": [
        0,
        1
    ],
    "vocals": {
        "SI-SDR": [
            76.7845869064331
        ],
        "SI-SIR": [
            76.78450584411621
        ],
        "SI-SAR": [
            151.92204475402832
        ],
        "SD-SDR": [
            Infinity
        ],
        "SNR": [
            Infinity
        ],
        "SRR": [
            76.78458999122904
        ],
        "SI-SDRi": [
            82.10126578807831
        ],
        "SD-SDRi": [
            Infinity
        ],
        "SNRi": [
            Infinity
        ],
        "MIX-SI-SDR": [
            -5.316678881645203
        ],
        "MIX-SD-SDR": [
            -5.316675062375617
        ],
        "MIX-SNR": [
            -5.307643413543701
        ]
    },
    "non-vocals": {
        "SI-SDR": [
            75.32317638397217
        ],
        "SI-SIR": [
            75.32316207885742
        ],
        "SI-SAR": [
            151.9333839416504
        ],
        "SD-SDR": [
            Infinity
        ],
        "SNR": [
            Infinity
        ],
        "SRR": [
            75.32317458983002
        ],
        "SI-SDRi": [
            70.01923561096191
        ],
        "SD-SDRi": [
            Infinity
        ],
        "SNRi": [
            Infinity
        ],
        "MIX-SI-SDR": [
            5.303940773010254
        ],
        "MIX-SD-SDR": [
            5.303936787546442
        ],
        "MIX-SNR": [
            5.307643413543701
        ]
    }
}