{
    "combination": [
        0,
        1
    ],
    "permutation": [
        0,
        1
    ],
    "vocals": {
        "SI-SDR": [
            90.41112899780273
        ],
        "SI-SIR": [
            90.41110038757324
        ],
        "SI-SAR": [
            151.9443702697754
        ],
        "SD-SDR": [
            Infinity
        ],
        "SNR": [
            Infinity
        ],
        "SRR": [
            90.41112561193668
        ],
        "SI-SDRi": [
            105.47613143920898
        ],
        "SD-SDRi": [
            Infinity
        ],
        "SNRi": [
            Infinity
        ],
        "MIX-SI-SDR": [
            -15.06500244140625
        ],
        "MIX-SD-SDR": [
            -15.065049665673449
        ],
        "MIX-SNR": [
            -15.232815742492676
        ]
    },
    "non-vocals": {
        "SI-SDR": [
            76.13696575164795
        ],
        "SI-SIR": [
            76.13696575164795
        ],
        "SI-SAR": [
            151.96524620056152
        ],
        "SD-SDR": [
            Infinity
        ],
        "SNR": [
            Infinity
        ],
        "SRR": [
            76.13696848865516
        ],
        "SI-SDRi": [
            60.90002179145813
        ],
        "SD-SDRi": [
            Infinity
        ],
        "SNRi": [
            Infinity
        ],
        "MIX-SI-SDR": [
            15.23694396018982
        ],
        "MIX-SD-SDR": [
            15.236897675328617
        ],
        "MIX-SNR": [
            15.232816934585571
        ]
    }
}