{
    "combination": [
        0,
        1
    ],
    "permutation": [
        0,
        1
    ],
    "vocals": {
        "SI-SDR": [
            74.78406429290771
        ],
        "SI-SIR": [
            74.78393077850342
        ],
        "SI-SAR": [
            151.8478488922119
        ],
        "SD-SDR": [
            Infinity
        ],
        "SNR": [
            Infinity
        ],
        "SRR": [
            74.78406496705716
        ],
        "SI-SDRi": [
            80.12781620025635
        ],
        "SD-SDRi": [
            Infinity
        ],
        "SNRi": [
            Infinity
        ],
        "MIX-SI-SDR": [
            -5.343751907348633
        ],
        "MIX-SD-SDR": [
            -5.343750986216859
        ],
        "MIX-SNR": [
            -5.333971977233887
        ]
    },
    "non-vocals": {
        "SI-SDR": [
            80.53694725036621
        ],
        "SI-SIR": [
            80.53696632385254
        ],
        "SI-SAR": [
            151.9288158416748
        ],
        "SD-SDR": [
            Infinity
        ],
        "SNR": [
            Infinity
        ],
        "SRR": [
            80.53694757030908
        ],
        "SI-SDRi": [
            75.20608007907867
        ],
        "SD-SDRi": [
            Infinity
        ],
        "SNRi": [
            Infinity
        ],
        "MIX-SI-SDR": [
            5.330867171287537
        ],
        "MIX-SD-SDR": [
            5.330869844732318
        ],
        "MIX-SNR": [
            5.3339725732803345
        ]
    }
}