{
    "combination": [
        0,
        1
    ],
    "permutation": [
        0,
        1
    ],
    "vocals": {
        "SI-SDR": [
            73.4440565109253
        ],
        "SI-SIR": [
            73.44388008117676
        ],
        "SI-SAR": [
            151.80129051208496
        ],
        "SD-SDR": [
            Infinity
        ],
        "SNR": [
            Infinity
        ],
        "SRR": [
            73.44405358547664
        ],
        "SI-SDRi": [
            82.97861933708191
        ],
        "SD-SDRi": [
            Infinity
        ],
        "SNRi": [
            Infinity
        ],
        "MIX-SI-SDR": [
            -9.534562826156616
        ],
        "MIX-SD-SDR": [
            -9.534580771981668
        ],
        "MIX-SNR": [
            -9.482131004333496
        ]
    },
    "non-vocals": {
        "SI-SDR": [
            79.48019981384277
        ],
        "SI-SIR": [
            79.48016166687012
        ],
        "SI-SAR": [
            151.9225025177002
        ],
        "SD-SDR": [
            Infinity
        ],
        "SNR": [
            Infinity
        ],
        "SRR": [
            79.4801974223124
        ],
        "SI-SDRi": [
            70.00421404838562
        ],
        "SD-SDRi": [
            Infinity
        ],
        "SNRi": [
            Infinity
        ],
        "MIX-SI-SDR": [
            9.475985765457153
        ],
        "MIX-SD-SDR": [
            9.475964331295934
        ],
        "MIX-SNR": [
            9.482131004333496
        ]
    }
}