{
    "combination": [
        0,
        1
    ],
    "permutation": [
        0,
        1
    ],
    "vocals": {
        "SI-SDR": [
            80.74318885803223
        ],
        "SI-SIR": [
            80.7431697845459
        ],
        "SI-SAR": [
            151.90385818481445
        ],
        "SD-SDR": [
            Infinity
        ],
        "SNR": [
            Infinity
        ],
        "SRR": [
            80.74318617757137
        ],
        "SI-SDRi": [
            86.05242490768433
        ],
        "SD-SDRi": [
            Infinity
        ],
        "SNRi": [
            Infinity
        ],
        "MIX-SI-SDR": [
            -5.3092360496521
        ],
        "MIX-SD-SDR": [
            -5.309236407762365
        ],
        "MIX-SNR": [
            -5.304560661315918
        ]
    },
    "non-vocals": {
        "SI-SDR": [
            79.88964557647705
        ],
        "SI-SIR": [
            79.88963603973389
        ],
        "SI-SAR": [
            151.90651893615723
        ],
        "SD-SDR": [
            Infinity
        ],
        "SNR": [
            Infinity
        ],
        "SRR": [
            79.88965069157803
        ],
        "SI-SDRi": [
            74.58682835102081
        ],
        "SD-SDRi": [
            Infinity
        ],
        "SNRi": [
            Infinity
        ],
        "MIX-SI-SDR": [
            5.302817225456238
        ],
        "MIX-SD-SDR": [
            5.302814736152411
        ],
        "MIX-SNR": [
            5.304560661315918
        ]
    }
}