{
    "combination": [
        0,
        1
    ],
    "permutation": [
        0,
        1
    ],
    "vocals": {
        "SI-SDR": [
            83.96317481994629
        ],
        "SI-SIR": [
            83.96313667297363
        ],
        "SI-SAR": [
            151.91864013671875
        ],
        "SD-SDR": [
            Infinity
        ],
        "SNR": [
            Infinity
        ],
        "SRR": [
            83.9631822751106
        ],
        "SI-SDRi": [
            94.87058758735657
        ],
        "SD-SDRi": [
            Infinity
        ],
        "SNRi": [
            Infinity
        ],
        "MIX-SI-SDR": [
            -10.907412767410278
        ],
        "MIX-SD-SDR": [
            -10.907409602285435
        ],
        "MIX-SNR": [
            -10.894547700881958
        ]
    },
    "non-vocals": {
        "SI-SDR": [
            85.86480140686035
        ],
        "SI-SIR": [
            85.86482048034668
        ],
        "SI-SAR": [
            151.9026756286621
        ],
        "SD-SDR": [
            Infinity
        ],
        "SNR": [
            Infinity
        ],
        "SRR": [
            85.86479836133925
        ],
        "SI-SDRi": [
            74.97161865234375
        ],
        "SD-SDRi": [
            Infinity
        ],
        "SNRi": [
            Infinity
        ],
        "MIX-SI-SDR": [
            10.893182754516602
        ],
        "MIX-SD-SDR": [
            10.893182367610057
        ],
        "MIX-SNR": [
            10.894547700881958
        ]
    }
}