{
    "combination": [
        0,
        1
    ],
    "permutation": [
        0,
        1
    ],
    "vocals": {
        "SI-SDR": [
            75.19713878631592
        ],
        "SI-SIR": [
            75.19707679748535
        ],
        "SI-SAR": [
            151.9277572631836
        ],
        "SD-SDR": [
            Infinity
        ],
        "SNR": [
            Infinity
        ],
        "SRR": [
            75.19713772491303
        ],
        "SI-SDRi": [
            87.2041368484497
        ],
        "SD-SDRi": [
            Infinity
        ],
        "SNRi": [
            Infinity
        ],
        "MIX-SI-SDR": [
            -12.006998062133789
        ],
        "MIX-SD-SDR": [
            -12.007002882225104
        ],
        "MIX-SNR": [
            -12.02928900718689
        ]
    },
    "non-vocals": {
        "SI-SDR": [
            74.46063041687012
        ],
        "SI-SIR": [
            74.46129322052002
        ],
        "SI-SAR": [
            150.67895889282227
        ],
        "SD-SDR": [
            Infinity
        ],
        "SNR": [
            Infinity
        ],
        "SRR": [
            74.46061607360957
        ],
        "SI-SDRi": [
            62.43121147155762
        ],
        "SD-SDRi": [
            Infinity
        ],
        "SNRi": [
            Infinity
        ],
        "MIX-SI-SDR": [
            12.0294189453125
        ],
        "MIX-SD-SDR": [
            12.029421542333537
        ],
        "MIX-SNR": [
            12.02928900718689
        ]
    }
}