{
    "combination": [
        0,
        1
    ],
    "permutation": [
        0,
        1
    ],
    "vocals": {
        "SI-SDR": [
            88.02456855773926
        ],
        "SI-SIR": [
            88.02457809448242
        ],
        "SI-SAR": [
            151.9821548461914
        ],
        "SD-SDR": [
            Infinity
        ],
        "SNR": [
            Infinity
        ],
        "SRR": [
            88.02456852735008
        ],
        "SI-SDRi": [
            92.24006712436676
        ],
        "SD-SDRi": [
            Infinity
        ],
        "SNRi": [
            Infinity
        ],
        "MIX-SI-SDR": [
            -4.215498566627502
        ],
        "MIX-SD-SDR": [
            -4.215564632080719
        ],
        "MIX-SNR": [
            -4.161324501037598
        ]
    },
    "non-vocals": {
        "SI-SDR": [
            77.3268985748291
        ],
        "SI-SIR": [
            77.32686996459961
        ],
        "SI-SAR": [
            151.92157745361328
        ],
        "SD-SDR": [
            Infinity
        ],
        "SNR": [
            Infinity
        ],
        "SRR": [
            77.32690360111172
        ],
        "SI-SDRi": [
            73.18670511245728
        ],
        "SD-SDRi": [
            Infinity
        ],
        "SNRi": [
            Infinity
        ],
        "MIX-SI-SDR": [
            4.140193462371826
        ],
        "MIX-SD-SDR": [
            4.140126521662682
        ],
        "MIX-SNR": [
            4.161324501037598
        ]
    }
}