{
    "combination": [
        0,
        1
    ],
    "permutation": [
        0,
        1
    ],
    "vocals": {
        "SI-SDR": [
            73.69853973388672
        ],
        "SI-SIR": [
            73.69844913482666
        ],
        "SI-SAR": [
            151.8717098236084
        ],
        "SD-SDR": [
            Infinity
        ],
        "SNR": [
            Infinity
        ],
        "SRR": [
            73.69853905687307
        ],
        "SI-SDRi": [
            80.14413177967072
        ],
        "SD-SDRi": [
            Infinity
        ],
        "SNRi": [
            Infinity
        ],
        "MIX-SI-SDR": [
            -6.445592045783997
        ],
        "MIX-SD-SDR": [
            -6.445596513784762
        ],
        "MIX-SNR": [
            -6.457961201667786
        ]
    },
    "non-vocals": {
        "SI-SDR": [
            73.18027019500732
        ],
        "SI-SIR": [
            73.18023204803467
        ],
        "SI-SAR": [
            151.90589904785156
        ],
        "SD-SDR": [
            Infinity
        ],
        "SNR": [
            Infinity
        ],
        "SRR": [
            73.1802590400903
        ],
        "SI-SDRi": [
            66.7203837633133
        ],
        "SD-SDRi": [
            Infinity
        ],
        "SNRi": [
            Infinity
        ],
        "MIX-SI-SDR": [
            6.459886431694031
        ],
        "MIX-SD-SDR": [
            6.459885555249837
        ],
        "MIX-SNR": [
            6.457958817481995
        ]
    }
}