{
    "combination": [
        0,
        1
    ],
    "permutation": [
        0,
        1
    ],
    "vocals": {
        "SI-SDR": [
            81.9710922241211
        ],
        "SI-SIR": [
            81.97100639343262
        ],
        "SI-SAR": [
            151.91515922546387
        ],
        "SD-SDR": [
            Infinity
        ],
        "SNR": [
            Infinity
        ],
        "SRR": [
            81.9710775551068
        ],
        "SI-SDRi": [
            91.73753023147583
        ],
        "SD-SDRi": [
            Infinity
        ],
        "SNRi": [
            Infinity
        ],
        "MIX-SI-SDR": [
            -9.766438007354736
        ],
        "MIX-SD-SDR": [
            -9.766438525307297
        ],
        "MIX-SNR": [
            -9.785992503166199
        ]
    },
    "non-vocals": {
        "SI-SDR": [
            81.87417030334473
        ],
        "SI-SIR": [
            81.87414169311523
        ],
        "SI-SAR": [
            151.95125579833984
        ],
        "SD-SDR": [
            Infinity
        ],
        "SNR": [
            Infinity
        ],
        "SRR": [
            81.87416410181126
        ],
        "SI-SDRi": [
            72.08647727966309
        ],
        "SD-SDRi": [
            Infinity
        ],
        "SNRi": [
            Infinity
        ],
        "MIX-SI-SDR": [
            9.78769302368164
        ],
        "MIX-SD-SDR": [
            9.787691052762256
        ],
        "MIX-SNR": [
            9.785993099212646
        ]
    }
}