{
    "combination": [
        0,
        1
    ],
    "permutation": [
        0,
        1
    ],
    "vocals": {
        "SI-SDR": [
            73.98398876190186
        ],
        "SI-SIR": [
            73.98398399353027
        ],
        "SI-SAR": [
            151.91502571105957
        ],
        "SD-SDR": [
            Infinity
        ],
        "SNR": [
            Infinity
        ],
        "SRR": [
            73.98399076361417
        ],
        "SI-SDRi": [
            81.14559292793274
        ],
        "SD-SDRi": [
            Infinity
        ],
        "SNRi": [
            Infinity
        ],
        "MIX-SI-SDR": [
            -7.161604166030884
        ],
        "MIX-SD-SDR": [
            -7.161632807220171
        ],
        "MIX-SNR": [
            -7.111237049102783
        ]
    },
    "non-vocals": {
        "SI-SDR": [
            71.39505386352539
        ],
        "SI-SIR": [
            71.39507293701172
        ],
        "SI-SAR": [
            151.94141387939453
        ],
        "SD-SDR": [
            Infinity
        ],
        "SNR": [
            Infinity
        ],
        "SRR": [
            71.39505725424026
        ],
        "SI-SDRi": [
            64.29507851600647
        ],
        "SD-SDRi": [
            Infinity
        ],
        "SNRi": [
            Infinity
        ],
        "MIX-SI-SDR": [
            7.099975347518921
        ],
        "MIX-SD-SDR": [
            7.099933578492891
        ],
        "MIX-SNR": [
            7.111237049102783
        ]
    }
}