{
    "combination": [
        0,
        1
    ],
    "permutation": [
        0,
        1
    ],
    "vocals": {
        "SI-SDR": [
            75.68423271179199
        ],
        "SI-SIR": [
            75.68421363830566
        ],
        "SI-SAR": [
            151.93917274475098
        ],
        "SD-SDR": [
            Infinity
        ],
        "SNR": [
            Infinity
        ],
        "SRR": [
            75.68423512700596
        ],
        "SI-SDRi": [
            81.5905898809433
        ],
        "SD-SDRi": [
            Infinity
        ],
        "SNRi": [
            Infinity
        ],
        "MIX-SI-SDR": [
            -5.906357169151306
        ],
        "MIX-SD-SDR": [
            -5.906356652451321
        ],
        "MIX-SNR": [
            -5.890072584152222
        ]
    },
    "non-vocals": {
        "SI-SDR": [
            74.83249187469482
        ],
        "SI-SIR": [
            74.83251571655273
        ],
        "SI-SAR": [
            151.94214820861816
        ],
        "SD-SDR": [
            Infinity
        ],
        "SNR": [
            Infinity
        ],
        "SRR": [
            74.83249498853606
        ],
        "SI-SDRi": [
            68.94742369651794
        ],
        "SD-SDRi": [
            Infinity
        ],
        "SNRi": [
            Infinity
        ],
        "MIX-SI-SDR": [
            5.88506817817688
        ],
        "MIX-SD-SDR": [
            5.8850611684266205
        ],
        "MIX-SNR": [
            5.890072584152222
        ]
    }
}