{
    "combination": [
        0,
        1
    ],
    "permutation": [
        0,
        1
    ],
    "vocals": {
        "SI-SDR": [
            78.6482572555542
        ],
        "SI-SIR": [
            78.64823341369629
        ],
        "SI-SAR": [
            151.91373825073242
        ],
        "SD-SDR": [
            Infinity
        ],
        "SNR": [
            Infinity
        ],
        "SRR": [
            78.64826170233846
        ],
        "SI-SDRi": [
            81.87027394771576
        ],
        "SD-SDRi": [
            Infinity
        ],
        "SNRi": [
            Infinity
        ],
        "MIX-SI-SDR": [
            -3.22201669216156
        ],
        "MIX-SD-SDR": [
            -3.222013381444915
        ],
        "MIX-SNR": [
            -3.214510977268219
        ]
    },
    "non-vocals": {
        "SI-SDR": [
            81.00079536437988
        ],
        "SI-SIR": [
            81.0007381439209
        ],
        "SI-SAR": [
            151.93273544311523
        ],
        "SD-SDR": [
            Infinity
        ],
        "SNR": [
            Infinity
        ],
        "SRR": [
            81.00080004055927
        ],
        "SI-SDRi": [
            77.79029846191406
        ],
        "SD-SDRi": [
            Infinity
        ],
        "SNRi": [
            Infinity
        ],
        "MIX-SI-SDR": [
            3.2104969024658203
        ],
        "MIX-SD-SDR": [
            3.210494099462995
        ],
        "MIX-SNR": [
            3.214510977268219
        ]
    }
}