{
    "combination": [
        0,
        1
    ],
    "permutation": [
        0,
        1
    ],
    "vocals": {
        "SI-SDR": [
            75.86573123931885
        ],
        "SI-SIR": [
            75.86562633514404
        ],
        "SI-SAR": [
            151.88523292541504
        ],
        "SD-SDR": [
            Infinity
        ],
        "SNR": [
            Infinity
        ],
        "SRR": [
            75.86572468075295
        ],
        "SI-SDRi": [
            84.64037001132965
        ],
        "SD-SDRi": [
            Infinity
        ],
        "SNRi": [
            Infinity
        ],
        "MIX-SI-SDR": [
            -8.774638772010803
        ],
        "MIX-SD-SDR": [
            -8.774635580718764
        ],
        "MIX-SNR": [
            -8.758677244186401
        ]
    },
    "non-vocals": {
        "SI-SDR": [
            71.435546875
        ],
        "SI-SIR": [
            71.43551826477051
        ],
        "SI-SAR": [
            151.8613052368164
        ],
        "SD-SDR": [
            Infinity
        ],
        "SNR": [
            Infinity
        ],
        "SRR": [
            71.43554388927869
        ],
        "SI-SDRi": [
            62.680312395095825
        ],
        "SD-SDRi": [
            Infinity
        ],
        "SNRi": [
            Infinity
        ],
        "MIX-SI-SDR": [
            8.755234479904175
        ],
        "MIX-SD-SDR": [
            8.755236473766438
        ],
        "MIX-SNR": [
            8.758678436279297
        ]
    }
}