{
    "combination": [
        0,
        1
    ],
    "permutation": [
        0,
        1
    ],
    "vocals": {
        "SI-SDR": [
            74.86684799194336
        ],
        "SI-SIR": [
            74.86674785614014
        ],
        "SI-SAR": [
            151.89486503601074
        ],
        "SD-SDR": [
            Infinity
        ],
        "SNR": [
            Infinity
        ],
        "SRR": [
            74.86684413851465
        ],
        "SI-SDRi": [
            74.22812640666962
        ],
        "SD-SDRi": [
            Infinity
        ],
        "SNRi": [
            Infinity
        ],
        "MIX-SI-SDR": [
            0.6387215852737427
        ],
        "MIX-SD-SDR": [
            0.6387199732819208
        ],
        "MIX-SNR": [
            0.6507398933172226
        ]
    },
    "non-vocals": {
        "SI-SDR": [
            75.9562873840332
        ],
        "SI-SIR": [
            75.9562635421753
        ],
        "SI-SAR": [
            151.99228286743164
        ],
        "SD-SDR": [
            Infinity
        ],
        "SNR": [
            Infinity
        ],
        "SRR": [
            75.95628538632502
        ],
        "SI-SDRi": [
            76.62156634032726
        ],
        "SD-SDRi": [
            Infinity
        ],
        "SNRi": [
            Infinity
        ],
        "MIX-SI-SDR": [
            -0.6652789562940598
        ],
        "MIX-SD-SDR": [
            -0.6652920763891907
        ],
        "MIX-SNR": [
            -0.6507397443056107
        ]
    }
}