{
    "combination": [
        0,
        1
    ],
    "permutation": [
        0,
        1
    ],
    "vocals": {
        "SI-SDR": [
            75.0553035736084
        ],
        "SI-SIR": [
            75.05522727966309
        ],
        "SI-SAR": [
            151.92614555358887
        ],
        "SD-SDR": [
            Infinity
        ],
        "SNR": [
            Infinity
        ],
        "SRR": [
            75.05529927679339
        ],
        "SI-SDRi": [
            78.12347680330276
        ],
        "SD-SDRi": [
            Infinity
        ],
        "SNRi": [
            Infinity
        ],
        "MIX-SI-SDR": [
            -3.0681732296943665
        ],
        "MIX-SD-SDR": [
            -3.068183390752462
        ],
        "MIX-SNR": [
            -3.0533987283706665
        ]
    },
    "non-vocals": {
        "SI-SDR": [
            73.47576141357422
        ],
        "SI-SIR": [
            73.47574710845947
        ],
        "SI-SAR": [
            151.91492080688477
        ],
        "SD-SDR": [
            Infinity
        ],
        "SNR": [
            Infinity
        ],
        "SRR": [
            73.47576513002431
        ],
        "SI-SDRi": [
            70.43034493923187
        ],
        "SD-SDRi": [
            Infinity
        ],
        "SNRi": [
            Infinity
        ],
        "MIX-SI-SDR": [
            3.045416474342346
        ],
        "MIX-SD-SDR": [
            3.045407381192374
        ],
        "MIX-SNR": [
            3.0533984303474426
        ]
    }
}