{
    "combination": [
        0,
        1
    ],
    "permutation": [
        0,
        1
    ],
    "vocals": {
        "SI-SDR": [
            81.42345428466797
        ],
        "SI-SIR": [
            81.42337799072266
        ],
        "SI-SAR": [
            151.91763877868652
        ],
        "SD-SDR": [
            Infinity
        ],
        "SNR": [
            Infinity
        ],
        "SRR": [
            81.42346086902803
        ],
        "SI-SDRi": [
            91.96956157684326
        ],
        "SD-SDRi": [
            Infinity
        ],
        "SNRi": [
            Infinity
        ],
        "MIX-SI-SDR": [
            -10.546107292175293
        ],
        "MIX-SD-SDR": [
            -10.546109865096962
        ],
        "MIX-SNR": [
            -10.543022155761719
        ]
    },
    "non-vocals": {
        "SI-SDR": [
            73.8349962234497
        ],
        "SI-SIR": [
            73.83498191833496
        ],
        "SI-SAR": [
            151.9373321533203
        ],
        "SD-SDR": [
            Infinity
        ],
        "SNR": [
            Infinity
        ],
        "SRR": [
            73.83499741026084
        ],
        "SI-SDRi": [
            63.29378008842468
        ],
        "SD-SDRi": [
            Infinity
        ],
        "SNRi": [
            Infinity
        ],
        "MIX-SI-SDR": [
            10.541216135025024
        ],
        "MIX-SD-SDR": [
            10.541219269832807
        ],
        "MIX-SNR": [
            10.543022155761719
        ]
    }
}