{
    "combination": [
        0,
        1
    ],
    "permutation": [
        0,
        1
    ],
    "vocals": {
        "SI-SDR": [
            74.05423164367676
        ],
        "SI-SIR": [
            74.0540599822998
        ],
        "SI-SAR": [
            151.82661056518555
        ],
        "SD-SDR": [
            Infinity
        ],
        "SNR": [
            Infinity
        ],
        "SRR": [
            74.05423091571944
        ],
        "SI-SDRi": [
            80.10962426662445
        ],
        "SD-SDRi": [
            Infinity
        ],
        "SNRi": [
            Infinity
        ],
        "MIX-SI-SDR": [
            -6.055392622947693
        ],
        "MIX-SD-SDR": [
            -6.055397958535432
        ],
        "MIX-SNR": [
            -6.028721928596497
        ]
    },
    "non-vocals": {
        "SI-SDR": [
            71.71636581420898
        ],
        "SI-SIR": [
            71.71634197235107
        ],
        "SI-SAR": [
            151.93896293640137
        ],
        "SD-SDR": [
            Infinity
        ],
        "SNR": [
            Infinity
        ],
        "SRR": [
            71.71637065074485
        ],
        "SI-SDRi": [
            65.69544553756714
        ],
        "SD-SDRi": [
            Infinity
        ],
        "SNRi": [
            Infinity
        ],
        "MIX-SI-SDR": [
            6.020920276641846
        ],
        "MIX-SD-SDR": [
            6.020909059136949
        ],
        "MIX-SNR": [
            6.028721332550049
        ]
    }
}