{
    "combination": [
        0,
        1
    ],
    "permutation": [
        0,
        1
    ],
    "vocals": {
        "SI-SDR": [
            78.6660099029541
        ],
        "SI-SIR": [
            78.66600036621094
        ],
        "SI-SAR": [
            151.94091796875
        ],
        "SD-SDR": [
            Infinity
        ],
        "SNR": [
            Infinity
        ],
        "SRR": [
            78.66600819155747
        ],
        "SI-SDRi": [
            80.40990278124809
        ],
        "SD-SDRi": [
            Infinity
        ],
        "SNRi": [
            Infinity
        ],
        "MIX-SI-SDR": [
            -1.743892878293991
        ],
        "MIX-SD-SDR": [
            -1.7438985004590581
        ],
        "MIX-SNR": [
            -1.7584910988807678
        ]
    },
    "non-vocals": {
        "SI-SDR": [
            78.06549072265625
        ],
        "SI-SIR": [
            78.06525230407715
        ],
        "SI-SAR": [
            151.86594009399414
        ],
        "SD-SDR": [
            Infinity
        ],
        "SNR": [
            Infinity
        ],
        "SRR": [
            78.06548714489094
        ],
        "SI-SDRi": [
            76.29740908741951
        ],
        "SD-SDRi": [
            Infinity
        ],
        "SNRi": [
            Infinity
        ],
        "MIX-SI-SDR": [
            1.7680816352367401
        ],
        "MIX-SD-SDR": [
            1.768076041951194
        ],
        "MIX-SNR": [
            1.7584910988807678
        ]
    }
}