{
    "combination": [
        0,
        1
    ],
    "permutation": [
        0,
        1
    ],
    "vocals": {
        "SI-SDR": [
            79.3639087677002
        ],
        "SI-SIR": [
            79.36388492584229
        ],
        "SI-SAR": [
            151.94355964660645
        ],
        "SD-SDR": [
            Infinity
        ],
        "SNR": [
            Infinity
        ],
        "SRR": [
            79.36391926014694
        ],
        "SI-SDRi": [
            89.07134115695953
        ],
        "SD-SDRi": [
            Infinity
        ],
        "SNRi": [
            Infinity
        ],
        "MIX-SI-SDR": [
            -9.707432389259338
        ],
        "MIX-SD-SDR": [
            -9.707441109298669
        ],
        "MIX-SNR": [
            -9.723106622695923
        ]
    },
    "non-vocals": {
        "SI-SDR": [
            72.62443542480469
        ],
        "SI-SIR": [
            72.62442111968994
        ],
        "SI-SAR": [
            151.96988105773926
        ],
        "SD-SDR": [
            Infinity
        ],
        "SNR": [
            Infinity
        ],
        "SRR": [
            72.624430857823
        ],
        "SI-SDRi": [
            62.90135741233826
        ],
        "SD-SDRi": [
            Infinity
        ],
        "SNRi": [
            Infinity
        ],
        "MIX-SI-SDR": [
            9.72307801246643
        ],
        "MIX-SD-SDR": [
            9.723075920549011
        ],
        "MIX-SNR": [
            9.723105430603027
        ]
    }
}