{
    "combination": [
        0,
        1
    ],
    "permutation": [
        0,
        1
    ],
    "vocals": {
        "SI-SDR": [
            77.2586441040039
        ],
        "SI-SIR": [
            77.25861072540283
        ],
        "SI-SAR": [
            151.94934844970703
        ],
        "SD-SDR": [
            Infinity
        ],
        "SNR": [
            Infinity
        ],
        "SRR": [
            77.25865036218742
        ],
        "SI-SDRi": [
            78.72742757201195
        ],
        "SD-SDRi": [
            Infinity
        ],
        "SNRi": [
            Infinity
        ],
        "MIX-SI-SDR": [
            -1.4687834680080414
        ],
        "MIX-SD-SDR": [
            -1.4688351421654708
        ],
        "MIX-SNR": [
            -1.502508521080017
        ]
    },
    "non-vocals": {
        "SI-SDR": [
            69.00098323822021
        ],
        "SI-SIR": [
            69.00052070617676
        ],
        "SI-SAR": [
            150.03652572631836
        ],
        "SD-SDR": [
            Infinity
        ],
        "SNR": [
            Infinity
        ],
        "SRR": [
            69.00097762754619
        ],
        "SI-SDRi": [
            67.4772296845913
        ],
        "SD-SDRi": [
            Infinity
        ],
        "SNRi": [
            Infinity
        ],
        "MIX-SI-SDR": [
            1.5237535536289215
        ],
        "MIX-SD-SDR": [
            1.5237113355710625
        ],
        "MIX-SNR": [
            1.502508670091629
        ]
    }
}