{
    "combination": [
        0,
        1
    ],
    "permutation": [
        0,
        1
    ],
    "vocals": {
        "SI-SDR": [
            75.60269355773926
        ],
        "SI-SIR": [
            75.60266971588135
        ],
        "SI-SAR": [
            151.96085929870605
        ],
        "SD-SDR": [
            Infinity
        ],
        "SNR": [
            Infinity
        ],
        "SRR": [
            75.60269285952465
        ],
        "SI-SDRi": [
            79.15068835020065
        ],
        "SD-SDRi": [
            Infinity
        ],
        "SNRi": [
            Infinity
        ],
        "MIX-SI-SDR": [
            -3.5479947924613953
        ],
        "MIX-SD-SDR": [
            -3.5481473891636273
        ],
        "MIX-SNR": [
            -3.6262083053588867
        ]
    },
    "non-vocals": {
        "SI-SDR": [
            73.94518375396729
        ],
        "SI-SIR": [
            73.94423007965088
        ],
        "SI-SAR": [
            149.4817352294922
        ],
        "SD-SDR": [
            Infinity
        ],
        "SNR": [
            Infinity
        ],
        "SRR": [
            73.94521240828982
        ],
        "SI-SDRi": [
            70.28607964515686
        ],
        "SD-SDRi": [
            Infinity
        ],
        "SNRi": [
            Infinity
        ],
        "MIX-SI-SDR": [
            3.659104108810425
        ],
        "MIX-SD-SDR": [
            3.6589237288106076
        ],
        "MIX-SNR": [
            3.6262086033821106
        ]
    }
}