{
    "combination": [
        0,
        1
    ],
    "permutation": [
        0,
        1
    ],
    "vocals": {
        "SI-SDR": [
            79.57830429077148
        ],
        "SI-SIR": [
            79.5779037475586
        ],
        "SI-SAR": [
            151.62915229797363
        ],
        "SD-SDR": [
            Infinity
        ],
        "SNR": [
            Infinity
        ],
        "SRR": [
            79.57829904770311
        ],
        "SI-SDRi": [
            104.94617938995361
        ],
        "SD-SDRi": [
            Infinity
        ],
        "SNRi": [
            Infinity
        ],
        "MIX-SI-SDR": [
            -25.36787509918213
        ],
        "MIX-SD-SDR": [
            -25.367940121359357
        ],
        "MIX-SNR": [
            -26.056976318359375
        ]
    },
    "non-vocals": {
        "SI-SDR": [
            75.18523216247559
        ],
        "SI-SIR": [
            75.18518447875977
        ],
        "SI-SAR": [
            152.1017074584961
        ],
        "SD-SDR": [
            Infinity
        ],
        "SNR": [
            Infinity
        ],
        "SRR": [
            75.18522901761978
        ],
        "SI-SDRi": [
            49.12787914276123
        ],
        "SD-SDRi": [
            Infinity
        ],
        "SNRi": [
            Infinity
        ],
        "MIX-SI-SDR": [
            26.057353019714355
        ],
        "MIX-SD-SDR": [
            26.057325254203406
        ],
        "MIX-SNR": [
            26.056976318359375
        ]
    }
}