{
    "combination": [
        0,
        1
    ],
    "permutation": [
        0,
        1
    ],
    "vocals": {
        "SI-SDR": [
            76.49962425231934
        ],
        "SI-SIR": [
            76.4995288848877
        ],
        "SI-SAR": [
            151.95488929748535
        ],
        "SD-SDR": [
            Infinity
        ],
        "SNR": [
            Infinity
        ],
        "SRR": [
            76.49962391626434
        ],
        "SI-SDRi": [
            84.4297343492508
        ],
        "SD-SDRi": [
            Infinity
        ],
        "SNRi": [
            Infinity
        ],
        "MIX-SI-SDR": [
            -7.9301100969314575
        ],
        "MIX-SD-SDR": [
            -7.930110224035961
        ],
        "MIX-SNR": [
            -7.9103440046310425
        ]
    },
    "non-vocals": {
        "SI-SDR": [
            76.35886669158936
        ],
        "SI-SIR": [
            76.3588809967041
        ],
        "SI-SAR": [
            151.9332790374756
        ],
        "SD-SDR": [
            Infinity
        ],
        "SNR": [
            Infinity
        ],
        "SRR": [
            76.35886794399705
        ],
        "SI-SDRi": [
            68.45233082771301
        ],
        "SD-SDRi": [
            Infinity
        ],
        "SNRi": [
            Infinity
        ],
        "MIX-SI-SDR": [
            7.906535863876343
        ],
        "MIX-SD-SDR": [
            7.906522473215195
        ],
        "MIX-SNR": [
            7.91034460067749
        ]
    }
}