{
    "combination": [
        0,
        1
    ],
    "permutation": [
        0,
        1
    ],
    "vocals": {
        "SI-SDR": [
            75.90442180633545
        ],
        "SI-SIR": [
            75.9043836593628
        ],
        "SI-SAR": [
            151.9573974609375
        ],
        "SD-SDR": [
            Infinity
        ],
        "SNR": [
            Infinity
        ],
        "SRR": [
            75.90442088992438
        ],
        "SI-SDRi": [
            79.33902472257614
        ],
        "SD-SDRi": [
            Infinity
        ],
        "SNRi": [
            Infinity
        ],
        "MIX-SI-SDR": [
            -3.434602916240692
        ],
        "MIX-SD-SDR": [
            -3.4346078662821813
        ],
        "MIX-SNR": [
            -3.4230685234069824
        ]
    },
    "non-vocals": {
        "SI-SDR": [
            75.72213172912598
        ],
        "SI-SIR": [
            75.72214126586914
        ],
        "SI-SAR": [
            151.92822456359863
        ],
        "SD-SDR": [
            Infinity
        ],
        "SNR": [
            Infinity
        ],
        "SRR": [
            75.72212968705182
        ],
        "SI-SDRi": [
            72.3047998547554
        ],
        "SD-SDRi": [
            Infinity
        ],
        "SNRi": [
            Infinity
        ],
        "MIX-SI-SDR": [
            3.417331874370575
        ],
        "MIX-SD-SDR": [
            3.417320312571577
        ],
        "MIX-SNR": [
            3.423069417476654
        ]
    }
}