{
    "combination": [
        0,
        1
    ],
    "permutation": [
        0,
        1
    ],
    "vocals": {
        "SI-SDR": [
            71.99214935302734
        ],
        "SI-SIR": [
            71.99213981628418
        ],
        "SI-SAR": [
            151.91078186035156
        ],
        "SD-SDR": [
            Infinity
        ],
        "SNR": [
            Infinity
        ],
        "SRR": [
            71.9921424014218
        ],
        "SI-SDRi": [
            75.06909608840942
        ],
        "SD-SDRi": [
            Infinity
        ],
        "SNRi": [
            Infinity
        ],
        "MIX-SI-SDR": [
            -3.07694673538208
        ],
        "MIX-SD-SDR": [
            -3.076951001190419
        ],
        "MIX-SNR": [
            -3.0728331208229065
        ]
    },
    "non-vocals": {
        "SI-SDR": [
            76.64270401000977
        ],
        "SI-SIR": [
            76.6426420211792
        ],
        "SI-SAR": [
            151.92087173461914
        ],
        "SD-SDR": [
            Infinity
        ],
        "SNR": [
            Infinity
        ],
        "SRR": [
            76.64269777688865
        ],
        "SI-SDRi": [
            73.57234120368958
        ],
        "SD-SDRi": [
            Infinity
        ],
        "SNRi": [
            Infinity
        ],
        "MIX-SI-SDR": [
            3.0703628063201904
        ],
        "MIX-SD-SDR": [
            3.0703597649154397
        ],
        "MIX-SNR": [
            3.072832226753235
        ]
    }
}