{
    "combination": [
        0,
        1
    ],
    "permutation": [
        0,
        1
    ],
    "vocals": {
        "SI-SDR": [
            81.97757720947266
        ],
        "SI-SIR": [
            81.97754859924316
        ],
        "SI-SAR": [
            151.9425392150879
        ],
        "SD-SDR": [
            Infinity
        ],
        "SNR": [
            Infinity
        ],
        "SRR": [
            81.97757705531389
        ],
        "SI-SDRi": [
            85.59354305267334
        ],
        "SD-SDRi": [
            Infinity
        ],
        "SNRi": [
            Infinity
        ],
        "MIX-SI-SDR": [
            -3.6159658432006836
        ],
        "MIX-SD-SDR": [
            -3.6160372547409505
        ],
        "MIX-SNR": [
            -3.6696583032608032
        ]
    },
    "non-vocals": {
        "SI-SDR": [
            71.83695316314697
        ],
        "SI-SIR": [
            71.8368673324585
        ],
        "SI-SAR": [
            151.9062900543213
        ],
        "SD-SDR": [
            Infinity
        ],
        "SNR": [
            Infinity
        ],
        "SRR": [
            71.83695729547802
        ],
        "SI-SDRi": [
            68.1455996632576
        ],
        "SD-SDRi": [
            Infinity
        ],
        "SNRi": [
            Infinity
        ],
        "MIX-SI-SDR": [
            3.691353499889374
        ],
        "MIX-SD-SDR": [
            3.691261730227771
        ],
        "MIX-SNR": [
            3.6696583032608032
        ]
    }
}