{
    "combination": [
        0,
        1
    ],
    "permutation": [
        0,
        1
    ],
    "vocals": {
        "SI-SDR": [
            76.24048709869385
        ],
        "SI-SIR": [
            76.24045372009277
        ],
        "SI-SAR": [
            151.92709922790527
        ],
        "SD-SDR": [
            Infinity
        ],
        "SNR": [
            Infinity
        ],
        "SRR": [
            76.24048858234997
        ],
        "SI-SDRi": [
            79.34476673603058
        ],
        "SD-SDRi": [
            Infinity
        ],
        "SNRi": [
            Infinity
        ],
        "MIX-SI-SDR": [
            -3.104279637336731
        ],
        "MIX-SD-SDR": [
            -3.104292196760174
        ],
        "MIX-SNR": [
            -3.081727623939514
        ]
    },
    "non-vocals": {
        "SI-SDR": [
            83.5483169555664
        ],
        "SI-SIR": [
            83.54832649230957
        ],
        "SI-SAR": [
            151.93008422851562
        ],
        "SD-SDR": [
            Infinity
        ],
        "SNR": [
            Infinity
        ],
        "SRR": [
            83.54832329475289
        ],
        "SI-SDRi": [
            80.47780275344849
        ],
        "SD-SDRi": [
            Infinity
        ],
        "SNRi": [
            Infinity
        ],
        "MIX-SI-SDR": [
            3.07051420211792
        ],
        "MIX-SD-SDR": [
            3.070498801679238
        ],
        "MIX-SNR": [
            3.081727623939514
        ]
    }
}