{
    "combination": [
        0,
        1
    ],
    "permutation": [
        0,
        1
    ],
    "vocals": {
        "SI-SDR": [
            76.06753349304199
        ],
        "SI-SIR": [
            76.06752395629883
        ],
        "SI-SAR": [
            151.958646774292
        ],
        "SD-SDR": [
            Infinity
        ],
        "SNR": [
            Infinity
        ],
        "SRR": [
            76.06753624343465
        ],
        "SI-SDRi": [
            79.9660986661911
        ],
        "SD-SDRi": [
            Infinity
        ],
        "SNRi": [
            Infinity
        ],
        "MIX-SI-SDR": [
            -3.898565173149109
        ],
        "MIX-SD-SDR": [
            -3.8985602980868275
        ],
        "MIX-SNR": [
            -3.9018523693084717
        ]
    },
    "non-vocals": {
        "SI-SDR": [
            74.80967044830322
        ],
        "SI-SIR": [
            74.80955600738525
        ],
        "SI-SAR": [
            151.88220024108887
        ],
        "SD-SDR": [
            Infinity
        ],
        "SNR": [
            Infinity
        ],
        "SRR": [
            74.80967076159656
        ],
        "SI-SDRi": [
            70.90656578540802
        ],
        "SD-SDRi": [
            Infinity
        ],
        "SNRi": [
            Infinity
        ],
        "MIX-SI-SDR": [
            3.9031046628952026
        ],
        "MIX-SD-SDR": [
            3.9031030892450893
        ],
        "MIX-SNR": [
            3.9018523693084717
        ]
    }
}