{
    "combination": [
        0,
        1
    ],
    "permutation": [
        0,
        1
    ],
    "vocals": {
        "SI-SDR": [
            76.41695022583008
        ],
        "SI-SIR": [
            76.41674041748047
        ],
        "SI-SAR": [
            151.81551933288574
        ],
        "SD-SDR": [
            Infinity
        ],
        "SNR": [
            Infinity
        ],
        "SRR": [
            76.41695370780161
        ],
        "SI-SDRi": [
            81.64958596229553
        ],
        "SD-SDRi": [
            Infinity
        ],
        "SNRi": [
            Infinity
        ],
        "MIX-SI-SDR": [
            -5.232635736465454
        ],
        "MIX-SD-SDR": [
            -5.2326401343480855
        ],
        "MIX-SNR": [
            -5.226633548736572
        ]
    },
    "non-vocals": {
        "SI-SDR": [
            74.38974857330322
        ],
        "SI-SIR": [
            74.38977241516113
        ],
        "SI-SAR": [
            151.9102954864502
        ],
        "SD-SDR": [
            Infinity
        ],
        "SNR": [
            Infinity
        ],
        "SRR": [
            74.38974149232438
        ],
        "SI-SDRi": [
            69.16554570198059
        ],
        "SD-SDRi": [
            Infinity
        ],
        "SNRi": [
            Infinity
        ],
        "MIX-SI-SDR": [
            5.224202871322632
        ],
        "MIX-SD-SDR": [
            5.224208212645879
        ],
        "MIX-SNR": [
            5.226633548736572
        ]
    }
}