{
    "combination": [
        0,
        1
    ],
    "permutation": [
        0,
        1
    ],
    "vocals": {
        "SI-SDR": [
            80.71502685546875
        ],
        "SI-SIR": [
            80.71497917175293
        ],
        "SI-SAR": [
            151.94414138793945
        ],
        "SD-SDR": [
            Infinity
        ],
        "SNR": [
            Infinity
        ],
        "SRR": [
            80.71502833024954
        ],
        "SI-SDRi": [
            82.5281947851181
        ],
        "SD-SDRi": [
            Infinity
        ],
        "SNRi": [
            Infinity
        ],
        "MIX-SI-SDR": [
            -1.813167929649353
        ],
        "MIX-SD-SDR": [
            -1.8131729468456
        ],
        "MIX-SNR": [
            -1.8248872458934784
        ]
    },
    "non-vocals": {
        "SI-SDR": [
            82.16156959533691
        ],
        "SI-SIR": [
            82.16156005859375
        ],
        "SI-SAR": [
            151.92886352539062
        ],
        "SD-SDR": [
            Infinity
        ],
        "SNR": [
            Infinity
        ],
        "SRR": [
            82.16156583562363
        ],
        "SI-SDRi": [
            80.32904088497162
        ],
        "SD-SDRi": [
            Infinity
        ],
        "SNRi": [
            Infinity
        ],
        "MIX-SI-SDR": [
            1.8325287103652954
        ],
        "MIX-SD-SDR": [
            1.8325205497138886
        ],
        "MIX-SNR": [
            1.8248875439167023
        ]
    }
}