{
    "combination": [
        0,
        1
    ],
    "permutation": [
        0,
        1
    ],
    "vocals": {
        "SI-SDR": [
            82.12841987609863
        ],
        "SI-SIR": [
            82.12841033935547
        ],
        "SI-SAR": [
            151.92726135253906
        ],
        "SD-SDR": [
            Infinity
        ],
        "SNR": [
            Infinity
        ],
        "SRR": [
            82.12842360478936
        ],
        "SI-SDRi": [
            89.22463297843933
        ],
        "SD-SDRi": [
            Infinity
        ],
        "SNRi": [
            Infinity
        ],
        "MIX-SI-SDR": [
            -7.096213102340698
        ],
        "MIX-SD-SDR": [
            -7.096214196824192
        ],
        "MIX-SNR": [
            -7.11078405380249
        ]
    },
    "non-vocals": {
        "SI-SDR": [
            75.75382709503174
        ],
        "SI-SIR": [
            75.75376510620117
        ],
        "SI-SAR": [
            151.92255973815918
        ],
        "SD-SDR": [
            Infinity
        ],
        "SNR": [
            Infinity
        ],
        "SRR": [
            75.75383522742624
        ],
        "SI-SDRi": [
            68.64125311374664
        ],
        "SD-SDRi": [
            Infinity
        ],
        "SNRi": [
            Infinity
        ],
        "MIX-SI-SDR": [
            7.112573981285095
        ],
        "MIX-SD-SDR": [
            7.112568966769426
        ],
        "MIX-SNR": [
            7.11078405380249
        ]
    }
}