{
    "combination": [
        0,
        1
    ],
    "permutation": [
        0,
        1
    ],
    "vocals": {
        "SI-SDR": [
            73.84263515472412
        ],
        "SI-SIR": [
            73.84259223937988
        ],
        "SI-SAR": [
            151.93376541137695
        ],
        "SD-SDR": [
            Infinity
        ],
        "SNR": [
            Infinity
        ],
        "SRR": [
            73.84264162999119
        ],
        "SI-SDRi": [
            75.97245842218399
        ],
        "SD-SDRi": [
            Infinity
        ],
        "SNRi": [
            Infinity
        ],
        "MIX-SI-SDR": [
            -2.1298232674598694
        ],
        "MIX-SD-SDR": [
            -2.129831067225609
        ],
        "MIX-SNR": [
            -2.1343982219696045
        ]
    },
    "non-vocals": {
        "SI-SDR": [
            70.12331485748291
        ],
        "SI-SIR": [
            70.12332916259766
        ],
        "SI-SAR": [
            151.93718910217285
        ],
        "SD-SDR": [
            Infinity
        ],
        "SNR": [
            Infinity
        ],
        "SRR": [
            70.12331750558869
        ],
        "SI-SDRi": [
            67.98692345619202
        ],
        "SD-SDRi": [
            Infinity
        ],
        "SNRi": [
            Infinity
        ],
        "MIX-SI-SDR": [
            2.1363914012908936
        ],
        "MIX-SD-SDR": [
            2.1363923970781866
        ],
        "MIX-SNR": [
            2.1343983709812164
        ]
    }
}