{
    "combination": [
        0,
        1
    ],
    "permutation": [
        0,
        1
    ],
    "vocals": {
        "SI-SDR": [
            78.9871883392334
        ],
        "SI-SIR": [
            78.98717880249023
        ],
        "SI-SAR": [
            151.93913459777832
        ],
        "SD-SDR": [
            Infinity
        ],
        "SNR": [
            Infinity
        ],
        "SRR": [
            78.9871948720459
        ],
        "SI-SDRi": [
            84.77285504341125
        ],
        "SD-SDRi": [
            Infinity
        ],
        "SNRi": [
            Infinity
        ],
        "MIX-SI-SDR": [
            -5.7856667041778564
        ],
        "MIX-SD-SDR": [
            -5.785662585249193
        ],
        "MIX-SNR": [
            -5.778287649154663
        ]
    },
    "non-vocals": {
        "SI-SDR": [
            77.33071327209473
        ],
        "SI-SIR": [
            77.33068466186523
        ],
        "SI-SAR": [
            151.92612648010254
        ],
        "SD-SDR": [
            Infinity
        ],
        "SNR": [
            Infinity
        ],
        "SRR": [
            77.33071121501393
        ],
        "SI-SDRi": [
            71.55491828918457
        ],
        "SD-SDRi": [
            Infinity
        ],
        "SNRi": [
            Infinity
        ],
        "MIX-SI-SDR": [
            5.775794982910156
        ],
        "MIX-SD-SDR": [
            5.775795508357786
        ],
        "MIX-SNR": [
            5.778287649154663
        ]
    }
}