{
    "combination": [
        0,
        1
    ],
    "permutation": [
        0,
        1
    ],
    "vocals": {
        "SI-SDR": [
            5.89375376701355
        ],
        "SI-SIR": [
            15.347254276275635
        ],
        "SI-SAR": [
            6.416505575180054
        ],
        "SD-SDR": [
            5.038723101083223
        ],
        "SNR": [
            6.883836984634399
        ],
        "SRR": [
            12.516940498317005
        ],
        "SI-SDRi": [
            10.60614824295044
        ],
        "SD-SDRi": [
            9.751117584700102
        ],
        "SNRi": [
            11.607112288475037
        ],
        "MIX-SI-SDR": [
            -4.71239447593689
        ],
        "MIX-SD-SDR": [
            -4.71239448361688
        ],
        "MIX-SNR": [
            -4.723275303840637
        ]
    },
    "non-vocals": {
        "SI-SDR": [
            11.304576396942139
        ],
        "SI-SIR": [
            18.354783058166504
        ],
        "SI-SAR": [
            12.258665561676025
        ],
        "SD-SDR": [
            10.880876703607427
        ],
        "SNR": [
            11.607112884521484
        ],
        "SRR": [
            21.18908050846452
        ],
        "SI-SDRi": [
            6.578348278999329
        ],
        "SD-SDRi": [
            6.154652970734965
        ],
        "SNRi": [
            6.883837580680847
        ],
        "MIX-SI-SDR": [
            4.72622811794281
        ],
        "MIX-SD-SDR": [
            4.726223732872462
        ],
        "MIX-SNR": [
            4.723275303840637
        ]
    }
}