{
    "combination": [
        0,
        1
    ],
    "permutation": [
        0,
        1
    ],
    "vocals": {
        "SI-SDR": [
            4.290424585342407
        ],
        "SI-SIR": [
            10.16701340675354
        ],
        "SI-SAR": [
            5.588902235031128
        ],
        "SD-SDR": [
            3.6317556484695754
        ],
        "SNR": [
            5.548759698867798
        ],
        "SRR": [
            12.14770194538195
        ],
        "SI-SDRi": [
            5.241085812449455
        ],
        "SD-SDRi": [
            4.5824539127736905
        ],
        "SNRi": [
            6.472354009747505
        ],
        "MIX-SI-SDR": [
            -0.950661227107048
        ],
        "MIX-SD-SDR": [
            -0.9506982643041147
        ],
        "MIX-SNR": [
            -0.9235943108797073
        ]
    },
    "non-vocals": {
        "SI-SDR": [
            5.36362886428833
        ],
        "SI-SIR": [
            12.814465761184692
        ],
        "SI-SAR": [
            6.2247079610824585
        ],
        "SD-SDR": [
            4.267559533545543
        ],
        "SNR": [
            6.472353935241699
        ],
        "SRR": [
            10.783220457923974
        ],
        "SI-SDRi": [
            4.461982250213623
        ],
        "SD-SDRi": [
            3.365939562910489
        ],
        "SNRi": [
            5.548759549856186
        ],
        "MIX-SI-SDR": [
            0.901646614074707
        ],
        "MIX-SD-SDR": [
            0.9016199706350541
        ],
        "MIX-SNR": [
            0.9235943853855133
        ]
    }
}