{
    "combination": [
        0,
        1
    ],
    "permutation": [
        0,
        1
    ],
    "vocals": {
        "SI-SDR": [
            -5.302773714065552
        ],
        "SI-SIR": [
            2.6178327202796936
        ],
        "SI-SAR": [
            -4.538264870643616
        ],
        "SD-SDR": [
            -6.844539204594664
        ],
        "SNR": [
            0.012236128095537424
        ],
        "SRR": [
            -1.598875315576738
        ],
        "SI-SDRi": [
            8.35361123085022
        ],
        "SD-SDRi": [
            6.811848944932738
        ],
        "SNRi": [
            13.674500475171953
        ],
        "MIX-SI-SDR": [
            -13.656384944915771
        ],
        "MIX-SD-SDR": [
            -13.656388149527402
        ],
        "MIX-SNR": [
            -13.662264347076416
        ]
    },
    "non-vocals": {
        "SI-SDR": [
            13.567461967468262
        ],
        "SI-SIR": [
            18.291062116622925
        ],
        "SI-SAR": [
            15.35236120223999
        ],
        "SD-SDR": [
            13.046081213585548
        ],
        "SNR": [
            13.6745023727417
        ],
        "SRR": [
            22.495165234131804
        ],
        "SI-SDRi": [
            -0.09387850761413574
        ],
        "SD-SDRi": [
            -0.6152555355225022
        ],
        "SNRi": [
            0.012240409851074219
        ],
        "MIX-SI-SDR": [
            13.661340475082397
        ],
        "MIX-SD-SDR": [
            13.66133674910805
        ],
        "MIX-SNR": [
            13.662261962890625
        ]
    }
}