{
    "combination": [
        0,
        1
    ],
    "permutation": [
        0,
        1
    ],
    "vocals": {
        "SI-SDR": [
            0.3167809545993805
        ],
        "SI-SIR": [
            8.729389905929565
        ],
        "SI-SAR": [
            0.9926681220531464
        ],
        "SD-SDR": [
            -1.0026232526964316
        ],
        "SNR": [
            2.9401561617851257
        ],
        "SRR": [
            4.814401833414758
        ],
        "SI-SDRi": [
            7.332815080881119
        ],
        "SD-SDRi": [
            6.013558137724318
        ],
        "SNRi": [
            10.07197767496109
        ],
        "MIX-SI-SDR": [
            -7.016034126281738
        ],
        "MIX-SD-SDR": [
            -7.0161813904207495
        ],
        "MIX-SNR": [
            -7.131821513175964
        ]
    },
    "non-vocals": {
        "SI-SDR": [
            9.620890021324158
        ],
        "SI-SIR": [
            14.92660403251648
        ],
        "SI-SAR": [
            11.137330532073975
        ],
        "SD-SDR": [
            9.142035585298194
        ],
        "SNR": [
            10.071977376937866
        ],
        "SRR": [
            18.938051881094967
        ],
        "SI-SDRi": [
            2.4682635068893433
        ],
        "SD-SDRi": [
            1.9895630003719553
        ],
        "SNRi": [
            2.940155863761902
        ],
        "MIX-SI-SDR": [
            7.1526265144348145
        ],
        "MIX-SD-SDR": [
            7.1524725849262385
        ],
        "MIX-SNR": [
            7.131821513175964
        ]
    }
}