{
    "combination": [
        0,
        1
    ],
    "permutation": [
        0,
        1
    ],
    "vocals": {
        "SI-SDR": [
            1.9665861129760742
        ],
        "SI-SIR": [
            7.987803220748901
        ],
        "SI-SAR": [
            3.2157698273658752
        ],
        "SD-SDR": [
            1.0424642715913581
        ],
        "SNR": [
            3.892112374305725
        ],
        "SRR": [
            8.21671786974062
        ],
        "SI-SDRi": [
            6.040799617767334
        ],
        "SD-SDRi": [
            5.116675596455047
        ],
        "SNRi": [
            7.974075675010681
        ],
        "MIX-SI-SDR": [
            -4.07421350479126
        ],
        "MIX-SD-SDR": [
            -4.074211324863689
        ],
        "MIX-SNR": [
            -4.081963300704956
        ]
    },
    "non-vocals": {
        "SI-SDR": [
            7.235668897628784
        ],
        "SI-SIR": [
            13.425946235656738
        ],
        "SI-SAR": [
            8.429911136627197
        ],
        "SD-SDR": [
            6.256598389723132
        ],
        "SNR": [
            7.974075675010681
        ],
        "SRR": [
            13.205582064518008
        ],
        "SI-SDRi": [
            3.1509214639663696
        ],
        "SD-SDRi": [
            2.1718592232643745
        ],
        "SNRi": [
            3.892112076282501
        ],
        "MIX-SI-SDR": [
            4.0847474336624146
        ],
        "MIX-SD-SDR": [
            4.084739166458758
        ],
        "MIX-SNR": [
            4.08196359872818
        ]
    }
}