{
    "combination": [
        0,
        1
    ],
    "permutation": [
        0,
        1
    ],
    "vocals": {
        "SI-SDR": [
            4.136379361152649
        ],
        "SI-SIR": [
            12.062463760375977
        ],
        "SI-SAR": [
            4.899852275848389
        ],
        "SD-SDR": [
            3.9604587591780183
        ],
        "SNR": [
            4.993447661399841
        ],
        "SRR": [
            17.97276040443281
        ],
        "SI-SDRi": [
            12.651812434196472
        ],
        "SD-SDRi": [
            12.47591320236091
        ],
        "SNRi": [
            13.561943769454956
        ],
        "MIX-SI-SDR": [
            -8.515433073043823
        ],
        "MIX-SD-SDR": [
            -8.515454443182891
        ],
        "MIX-SNR": [
            -8.568496108055115
        ]
    },
    "non-vocals": {
        "SI-SDR": [
            13.542141914367676
        ],
        "SI-SIR": [
            26.786751747131348
        ],
        "SI-SAR": [
            13.752915859222412
        ],
        "SD-SDR": [
            12.813520805691827
        ],
        "SNR": [
            13.56194257736206
        ],
        "SRR": [
            20.916460168389534
        ],
        "SI-SDRi": [
            4.967027902603149
        ],
        "SD-SDRi": [
            4.238428351965492
        ],
        "SNRi": [
            4.993446469306946
        ],
        "MIX-SI-SDR": [
            8.575114011764526
        ],
        "MIX-SD-SDR": [
            8.575092453726334
        ],
        "MIX-SNR": [
            8.568496108055115
        ]
    }
}