{
    "combination": [
        0,
        1
    ],
    "permutation": [
        0,
        1
    ],
    "vocals": {
        "SI-SDR": [
            -15.44224739074707
        ],
        "SI-SIR": [
            -8.262447118759155
        ],
        "SI-SAR": [
            -14.519394636154175
        ],
        "SD-SDR": [
            -15.871957336440792
        ],
        "SNR": [
            -6.599254012107849
        ],
        "SRR": [
            -5.6128099533008555
        ],
        "SI-SDRi": [
            4.9776411056518555
        ],
        "SD-SDRi": [
            4.553156742533021
        ],
        "SNRi": [
            11.128351092338562
        ],
        "MIX-SI-SDR": [
            -20.419888496398926
        ],
        "MIX-SD-SDR": [
            -20.425114078973813
        ],
        "MIX-SNR": [
            -17.72760510444641
        ]
    },
    "non-vocals": {
        "SI-SDR": [
            10.90564489364624
        ],
        "SI-SIR": [
            20.715453624725342
        ],
        "SI-SAR": [
            11.38486623764038
        ],
        "SD-SDR": [
            10.032301763586279
        ],
        "SNR": [
            11.128350496292114
        ],
        "SRR": [
            17.425902443980803
        ],
        "SI-SDRi": [
            -6.787717342376709
        ],
        "SD-SDRi": [
            -7.655831394400092
        ],
        "SNRi": [
            -6.599254608154297
        ],
        "MIX-SI-SDR": [
            17.69336223602295
        ],
        "MIX-SD-SDR": [
            17.68813315798637
        ],
        "MIX-SNR": [
            17.72760510444641
        ]
    }
}