{
    "combination": [
        0,
        1
    ],
    "permutation": [
        0,
        1
    ],
    "vocals": {
        "SI-SDR": [
            5.276511907577515
        ],
        "SI-SIR": [
            13.663421869277954
        ],
        "SI-SAR": [
            5.956749320030212
        ],
        "SD-SDR": [
            4.817330367567103
        ],
        "SNR": [
            6.2691158056259155
        ],
        "SRR": [
            14.802236398184835
        ],
        "SI-SDRi": [
            9.846601486206055
        ],
        "SD-SDRi": [
            9.387429430833256
        ],
        "SNRi": [
            10.823473334312439
        ],
        "MIX-SI-SDR": [
            -4.57008957862854
        ],
        "MIX-SD-SDR": [
            -4.570099063266153
        ],
        "MIX-SNR": [
            -4.554357528686523
        ]
    },
    "non-vocals": {
        "SI-SDR": [
            10.477547645568848
        ],
        "SI-SIR": [
            19.86555814743042
        ],
        "SI-SAR": [
            11.008763313293457
        ],
        "SD-SDR": [
            9.869352378550959
        ],
        "SNR": [
            10.823472738265991
        ],
        "SRR": [
            18.702796157943176
        ],
        "SI-SDRi": [
            5.929194986820221
        ],
        "SD-SDRi": [
            5.321000477290003
        ],
        "SNRi": [
            6.2691158056259155
        ],
        "MIX-SI-SDR": [
            4.548352658748627
        ],
        "MIX-SD-SDR": [
            4.548351901260956
        ],
        "MIX-SNR": [
            4.554356932640076
        ]
    }
}