{
    "combination": [
        0,
        1
    ],
    "permutation": [
        0,
        1
    ],
    "vocals": {
        "SI-SDR": [
            2.618362605571747
        ],
        "SI-SIR": [
            13.355578184127808
        ],
        "SI-SAR": [
            3.001234531402588
        ],
        "SD-SDR": [
            1.5591977762563172
        ],
        "SNR": [
            4.411790370941162
        ],
        "SRR": [
            8.206194879053974
        ],
        "SI-SDRi": [
            10.88828593492508
        ],
        "SD-SDRi": [
            9.829123430561632
        ],
        "SNRi": [
            12.66472339630127
        ],
        "MIX-SI-SDR": [
            -8.269923329353333
        ],
        "MIX-SD-SDR": [
            -8.269925654305315
        ],
        "MIX-SNR": [
            -8.252933025360107
        ]
    },
    "non-vocals": {
        "SI-SDR": [
            12.425289154052734
        ],
        "SI-SIR": [
            18.77787947654724
        ],
        "SI-SAR": [
            13.56938362121582
        ],
        "SD-SDR": [
            12.127346537847364
        ],
        "SNR": [
            12.66472339630127
        ],
        "SRR": [
            23.90063328914056
        ],
        "SI-SDRi": [
            4.175569415092468
        ],
        "SD-SDRi": [
            3.8776296628255054
        ],
        "SNRi": [
            4.411790370941162
        ],
        "MIX-SI-SDR": [
            8.249719738960266
        ],
        "MIX-SD-SDR": [
            8.249716875021859
        ],
        "MIX-SNR": [
            8.252933025360107
        ]
    }
}