{
    "combination": [
        0,
        1
    ],
    "permutation": [
        0,
        1
    ],
    "vocals": {
        "SI-SDR": [
            3.577347993850708
        ],
        "SI-SIR": [
            12.334977388381958
        ],
        "SI-SAR": [
            4.1977328062057495
        ],
        "SD-SDR": [
            3.0964946411253864
        ],
        "SNR": [
            4.871014654636383
        ],
        "SRR": [
            12.892307807036005
        ],
        "SI-SDRi": [
            9.555985927581787
        ],
        "SD-SDRi": [
            9.075158630595231
        ],
        "SNRi": [
            10.89108020067215
        ],
        "MIX-SI-SDR": [
            -5.978637933731079
        ],
        "MIX-SD-SDR": [
            -5.978663989469845
        ],
        "MIX-SNR": [
            -6.020065546035767
        ]
    },
    "non-vocals": {
        "SI-SDR": [
            10.540202856063843
        ],
        "SI-SIR": [
            19.76560354232788
        ],
        "SI-SAR": [
            11.093028783798218
        ],
        "SD-SDR": [
            9.991787546459415
        ],
        "SNR": [
            10.891081094741821
        ],
        "SRR": [
            19.244730642772755
        ],
        "SI-SDRi": [
            4.510406851768494
        ],
        "SD-SDRi": [
            3.962024161929727
        ],
        "SNRi": [
            4.871014356613159
        ],
        "MIX-SI-SDR": [
            6.029796004295349
        ],
        "MIX-SD-SDR": [
            6.029763384529688
        ],
        "MIX-SNR": [
            6.020066738128662
        ]
    }
}