{
    "combination": [
        0,
        1
    ],
    "permutation": [
        0,
        1
    ],
    "vocals": {
        "SI-SDR": [
            1.1903733760118484
        ],
        "SI-SIR": [
            9.801234602928162
        ],
        "SI-SAR": [
            1.8337510526180267
        ],
        "SD-SDR": [
            0.17535937350078923
        ],
        "SNR": [
            3.387172818183899
        ],
        "SRR": [
            6.9859442746030105
        ],
        "SI-SDRi": [
            9.851340726017952
        ],
        "SD-SDRi": [
            8.836336642003705
        ],
        "SNRi": [
            12.029687762260437
        ],
        "MIX-SI-SDR": [
            -8.660967350006104
        ],
        "MIX-SD-SDR": [
            -8.660977268502915
        ],
        "MIX-SNR": [
            -8.642514944076538
        ]
    },
    "non-vocals": {
        "SI-SDR": [
            11.781394481658936
        ],
        "SI-SIR": [
            18.094402551651
        ],
        "SI-SAR": [
            12.937426567077637
        ],
        "SD-SDR": [
            11.279038353323939
        ],
        "SNR": [
            12.02968716621399
        ],
        "SRR": [
            20.889522846093808
        ],
        "SI-SDRi": [
            3.141953945159912
        ],
        "SD-SDRi": [
            2.6395976531036176
        ],
        "SNRi": [
            3.387172222137451
        ],
        "MIX-SI-SDR": [
            8.639440536499023
        ],
        "MIX-SD-SDR": [
            8.639440700220321
        ],
        "MIX-SNR": [
            8.642514944076538
        ]
    }
}