{
    "combination": [
        0,
        1
    ],
    "permutation": [
        0,
        1
    ],
    "vocals": {
        "SI-SDR": [
            1.8507909774780273
        ],
        "SI-SIR": [
            9.696645140647888
        ],
        "SI-SAR": [
            2.6298481225967407
        ],
        "SD-SDR": [
            0.4533907223901936
        ],
        "SNR": [
            3.9627891778945923
        ],
        "SRR": [
            6.057933553613327
        ],
        "SI-SDRi": [
            7.16746985912323
        ],
        "SD-SDRi": [
            5.77006578476581
        ],
        "SNRi": [
            9.270432591438293
        ],
        "MIX-SI-SDR": [
            -5.316678881645203
        ],
        "MIX-SD-SDR": [
            -5.316675062375617
        ],
        "MIX-SNR": [
            -5.307643413543701
        ]
    },
    "non-vocals": {
        "SI-SDR": [
            8.72276782989502
        ],
        "SI-SIR": [
            13.77910852432251
        ],
        "SI-SAR": [
            10.347810983657837
        ],
        "SD-SDR": [
            8.171357305174105
        ],
        "SNR": [
            9.270432591438293
        ],
        "SRR": [
            17.400405741570083
        ],
        "SI-SDRi": [
            3.4188270568847656
        ],
        "SD-SDRi": [
            2.8674205176276635
        ],
        "SNRi": [
            3.9627891778945923
        ],
        "MIX-SI-SDR": [
            5.303940773010254
        ],
        "MIX-SD-SDR": [
            5.303936787546442
        ],
        "MIX-SNR": [
            5.307643413543701
        ]
    }
}