{
    "combination": [
        0,
        1
    ],
    "permutation": [
        0,
        1
    ],
    "vocals": {
        "SI-SDR": [
            -8.949215412139893
        ],
        "SI-SIR": [
            4.06063973903656
        ],
        "SI-SAR": [
            -8.726425766944885
        ],
        "SD-SDR": [
            -12.47488717953756
        ],
        "SNR": [
            -0.1449993997812271
        ],
        "SRR": [
            -9.925248817174646
        ],
        "SI-SDRi": [
            6.115787029266357
        ],
        "SD-SDRi": [
            2.5901624861358883
        ],
        "SNRi": [
            15.087816342711449
        ],
        "MIX-SI-SDR": [
            -15.06500244140625
        ],
        "MIX-SD-SDR": [
            -15.065049665673449
        ],
        "MIX-SNR": [
            -15.232815742492676
        ]
    },
    "non-vocals": {
        "SI-SDR": [
            14.954420328140259
        ],
        "SI-SIR": [
            17.40400195121765
        ],
        "SI-SAR": [
            18.608667850494385
        ],
        "SD-SDR": [
            14.86020375374437
        ],
        "SNR": [
            15.087816715240479
        ],
        "SRR": [
            31.51829134647933
        ],
        "SI-SDRi": [
            -0.28252363204956055
        ],
        "SD-SDRi": [
            -0.37669392158424664
        ],
        "SNRi": [
            -0.14500021934509277
        ],
        "MIX-SI-SDR": [
            15.23694396018982
        ],
        "MIX-SD-SDR": [
            15.236897675328617
        ],
        "MIX-SNR": [
            15.232816934585571
        ]
    }
}