{
    "combination": [
        0,
        1
    ],
    "permutation": [
        0,
        1
    ],
    "vocals": {
        "SI-SDR": [
            3.5539525747299194
        ],
        "SI-SIR": [
            12.122199535369873
        ],
        "SI-SAR": [
            4.204186201095581
        ],
        "SD-SDR": [
            2.5859665853952767
        ],
        "SNR": [
            5.075365304946899
        ],
        "SRR": [
            9.579990024043095
        ],
        "SI-SDRi": [
            8.897704482078552
        ],
        "SD-SDRi": [
            7.9297175716121355
        ],
        "SNRi": [
            10.409337282180786
        ],
        "MIX-SI-SDR": [
            -5.343751907348633
        ],
        "MIX-SD-SDR": [
            -5.343750986216859
        ],
        "MIX-SNR": [
            -5.333971977233887
        ]
    },
    "non-vocals": {
        "SI-SDR": [
            10.000337362289429
        ],
        "SI-SIR": [
            16.485114097595215
        ],
        "SI-SAR": [
            11.10537052154541
        ],
        "SD-SDR": [
            9.487154916165458
        ],
        "SNR": [
            10.409337282180786
        ],
        "SRR": [
            19.01477956115826
        ],
        "SI-SDRi": [
            4.669470191001892
        ],
        "SD-SDRi": [
            4.156285071433141
        ],
        "SNRi": [
            5.075364708900452
        ],
        "MIX-SI-SDR": [
            5.330867171287537
        ],
        "MIX-SD-SDR": [
            5.330869844732318
        ],
        "MIX-SNR": [
            5.3339725732803345
        ]
    }
}