{
    "combination": [
        0,
        1
    ],
    "permutation": [
        0,
        1
    ],
    "vocals": {
        "SI-SDR": [
            -3.2649821043014526
        ],
        "SI-SIR": [
            3.7305092811584473
        ],
        "SI-SAR": [
            -2.2973401844501495
        ],
        "SD-SDR": [
            -4.076929049260415
        ],
        "SNR": [
            0.3270493820309639
        ],
        "SRR": [
            3.6045528114058922
        ],
        "SI-SDRi": [
            6.269580721855164
        ],
        "SD-SDRi": [
            5.457651722721253
        ],
        "SNRi": [
            9.80918038636446
        ],
        "MIX-SI-SDR": [
            -9.534562826156616
        ],
        "MIX-SD-SDR": [
            -9.534580771981668
        ],
        "MIX-SNR": [
            -9.482131004333496
        ]
    },
    "non-vocals": {
        "SI-SDR": [
            9.371034502983093
        ],
        "SI-SIR": [
            16.28018856048584
        ],
        "SI-SAR": [
            10.360459089279175
        ],
        "SD-SDR": [
            8.58087070233804
        ],
        "SNR": [
            9.809179306030273
        ],
        "SRR": [
            16.368745651304767
        ],
        "SI-SDRi": [
            -0.10495126247406006
        ],
        "SD-SDRi": [
            -0.8950936289578948
        ],
        "SNRi": [
            0.32704830169677734
        ],
        "MIX-SI-SDR": [
            9.475985765457153
        ],
        "MIX-SD-SDR": [
            9.475964331295934
        ],
        "MIX-SNR": [
            9.482131004333496
        ]
    }
}