{
    "combination": [
        0,
        1
    ],
    "permutation": [
        0,
        1
    ],
    "vocals": {
        "SI-SDR": [
            5.5779701471328735
        ],
        "SI-SIR": [
            16.255258321762085
        ],
        "SI-SAR": [
            5.9664154052734375
        ],
        "SD-SDR": [
            4.649487578390074
        ],
        "SNR": [
            6.635335087776184
        ],
        "SRR": [
            11.80553507841731
        ],
        "SI-SDRi": [
            10.887206196784973
        ],
        "SD-SDRi": [
            9.958723986152439
        ],
        "SNRi": [
            11.939895749092102
        ],
        "MIX-SI-SDR": [
            -5.3092360496521
        ],
        "MIX-SD-SDR": [
            -5.309236407762365
        ],
        "MIX-SNR": [
            -5.304560661315918
        ]
    },
    "non-vocals": {
        "SI-SDR": [
            11.65291428565979
        ],
        "SI-SIR": [
            18.499244451522827
        ],
        "SI-SAR": [
            12.658600807189941
        ],
        "SD-SDR": [
            11.341675324152401
        ],
        "SNR": [
            11.939897537231445
        ],
        "SRR": [
            22.938207677611565
        ],
        "SI-SDRi": [
            6.350097060203552
        ],
        "SD-SDRi": [
            6.038860587999991
        ],
        "SNRi": [
            6.635336875915527
        ],
        "MIX-SI-SDR": [
            5.302817225456238
        ],
        "MIX-SD-SDR": [
            5.302814736152411
        ],
        "MIX-SNR": [
            5.304560661315918
        ]
    }
}