{
    "combination": [
        0,
        1
    ],
    "permutation": [
        0,
        1
    ],
    "vocals": {
        "SI-SDR": [
            3.4205374121665955
        ],
        "SI-SIR": [
            11.779630184173584
        ],
        "SI-SAR": [
            4.105507731437683
        ],
        "SD-SDR": [
            3.1535064793812877
        ],
        "SNR": [
            4.516151547431946
        ],
        "SRR": [
            15.398403283645202
        ],
        "SI-SDRi": [
            14.327950179576874
        ],
        "SD-SDRi": [
            14.060916081666722
        ],
        "SNRi": [
            15.410699248313904
        ],
        "MIX-SI-SDR": [
            -10.907412767410278
        ],
        "MIX-SD-SDR": [
            -10.907409602285435
        ],
        "MIX-SNR": [
            -10.894547700881958
        ]
    },
    "non-vocals": {
        "SI-SDR": [
            15.487923622131348
        ],
        "SI-SIR": [
            27.097158432006836
        ],
        "SI-SAR": [
            15.798590183258057
        ],
        "SD-SDR": [
            14.846592012940363
        ],
        "SNR": [
            15.410699844360352
        ],
        "SRR": [
            23.46546319037147
        ],
        "SI-SDRi": [
            4.594740867614746
        ],
        "SD-SDRi": [
            3.9534096453303054
        ],
        "SNRi": [
            4.5161521434783936
        ],
        "MIX-SI-SDR": [
            10.893182754516602
        ],
        "MIX-SD-SDR": [
            10.893182367610057
        ],
        "MIX-SNR": [
            10.894547700881958
        ]
    }
}