{
    "combination": [
        0,
        1
    ],
    "permutation": [
        0,
        1
    ],
    "vocals": {
        "SI-SDR": [
            2.707018554210663
        ],
        "SI-SIR": [
            17.200459241867065
        ],
        "SI-SAR": [
            2.8641700744628906
        ],
        "SD-SDR": [
            2.345944783792943
        ],
        "SNR": [
            4.041979908943176
        ],
        "SRR": [
            13.32577722253319
        ],
        "SI-SDRi": [
            14.714016616344452
        ],
        "SD-SDRi": [
            14.352947666018046
        ],
        "SNRi": [
            16.071268916130066
        ],
        "MIX-SI-SDR": [
            -12.006998062133789
        ],
        "MIX-SD-SDR": [
            -12.007002882225104
        ],
        "MIX-SNR": [
            -12.02928900718689
        ]
    },
    "non-vocals": {
        "SI-SDR": [
            15.963879823684692
        ],
        "SI-SIR": [
            26.79732322692871
        ],
        "SI-SAR": [
            16.33799433708191
        ],
        "SD-SDR": [
            15.81977156996153
        ],
        "SNR": [
            16.071269512176514
        ],
        "SRR": [
            30.63954503173388
        ],
        "SI-SDRi": [
            3.9344608783721924
        ],
        "SD-SDRi": [
            3.7903500276279924
        ],
        "SNRi": [
            4.041980504989624
        ],
        "MIX-SI-SDR": [
            12.0294189453125
        ],
        "MIX-SD-SDR": [
            12.029421542333537
        ],
        "MIX-SNR": [
            12.02928900718689
        ]
    }
}