{
    "combination": [
        0,
        1
    ],
    "permutation": [
        0,
        1
    ],
    "vocals": {
        "SI-SDR": [
            0.9348577260971069
        ],
        "SI-SIR": [
            11.727696657180786
        ],
        "SI-SAR": [
            1.3126486539840698
        ],
        "SD-SDR": [
            -1.9630870039866677
        ],
        "SNR": [
            3.4957528114318848
        ],
        "SRR": [
            1.1623797645872953
        ],
        "SI-SDRi": [
            5.150356292724609
        ],
        "SD-SDRi": [
            2.2524776280940513
        ],
        "SNRi": [
            7.657077312469482
        ],
        "MIX-SI-SDR": [
            -4.215498566627502
        ],
        "MIX-SD-SDR": [
            -4.215564632080719
        ],
        "MIX-SNR": [
            -4.161324501037598
        ]
    },
    "non-vocals": {
        "SI-SDR": [
            7.063331604003906
        ],
        "SI-SIR": [
            10.004147291183472
        ],
        "SI-SAR": [
            10.144257545471191
        ],
        "SD-SDR": [
            6.8685180223297495
        ],
        "SNR": [
            7.657077312469482
        ],
        "SRR": [
            20.4423367165227
        ],
        "SI-SDRi": [
            2.92313814163208
        ],
        "SD-SDRi": [
            2.728391500667067
        ],
        "SNRi": [
            3.4957528114318848
        ],
        "MIX-SI-SDR": [
            4.140193462371826
        ],
        "MIX-SD-SDR": [
            4.140126521662682
        ],
        "MIX-SNR": [
            4.161324501037598
        ]
    }
}