{
    "combination": [
        0,
        1
    ],
    "permutation": [
        0,
        1
    ],
    "vocals": {
        "SI-SDR": [
            0.8031677454710007
        ],
        "SI-SIR": [
            15.24448037147522
        ],
        "SI-SAR": [
            0.9622111171483994
        ],
        "SD-SDR": [
            -1.416845471746898
        ],
        "SNR": [
            3.417772650718689
        ],
        "SRR": [
            2.559897569317411
        ],
        "SI-SDRi": [
            7.248759791254997
        ],
        "SD-SDRi": [
            5.0287510420378645
        ],
        "SNRi": [
            9.875733852386475
        ],
        "MIX-SI-SDR": [
            -6.445592045783997
        ],
        "MIX-SD-SDR": [
            -6.445596513784762
        ],
        "MIX-SNR": [
            -6.457961201667786
        ]
    },
    "non-vocals": {
        "SI-SDR": [
            9.55102801322937
        ],
        "SI-SIR": [
            13.432612419128418
        ],
        "SI-SAR": [
            11.835914850234985
        ],
        "SD-SDR": [
            9.456874387401577
        ],
        "SNR": [
            9.87573504447937
        ],
        "SRR": [
            26.124622818224992
        ],
        "SI-SDRi": [
            3.0911415815353394
        ],
        "SD-SDRi": [
            2.9969888321517395
        ],
        "SNRi": [
            3.4177762269973755
        ],
        "MIX-SI-SDR": [
            6.459886431694031
        ],
        "MIX-SD-SDR": [
            6.459885555249837
        ],
        "MIX-SNR": [
            6.457958817481995
        ]
    }
}