{
    "combination": [
        0,
        1
    ],
    "permutation": [
        0,
        1
    ],
    "vocals": {
        "SI-SDR": [
            -0.08453761227428913
        ],
        "SI-SIR": [
            11.624714136123657
        ],
        "SI-SAR": [
            0.21879468113183975
        ],
        "SD-SDR": [
            -3.2236769878427864
        ],
        "SNR": [
            2.9678311944007874
        ],
        "SRR": [
            -0.33851844497010425
        ],
        "SI-SDRi": [
            9.681900395080447
        ],
        "SD-SDRi": [
            6.542761537464511
        ],
        "SNRi": [
            12.753823697566986
        ],
        "MIX-SI-SDR": [
            -9.766438007354736
        ],
        "MIX-SD-SDR": [
            -9.766438525307297
        ],
        "MIX-SNR": [
            -9.785992503166199
        ]
    },
    "non-vocals": {
        "SI-SDR": [
            12.528538703918457
        ],
        "SI-SIR": [
            15.26829719543457
        ],
        "SI-SAR": [
            15.827276706695557
        ],
        "SD-SDR": [
            12.384801791386439
        ],
        "SNR": [
            12.75382399559021
        ],
        "SRR": [
            27.25007182484176
        ],
        "SI-SDRi": [
            2.7408456802368164
        ],
        "SD-SDRi": [
            2.597110738624183
        ],
        "SNRi": [
            2.9678308963775635
        ],
        "MIX-SI-SDR": [
            9.78769302368164
        ],
        "MIX-SD-SDR": [
            9.787691052762256
        ],
        "MIX-SNR": [
            9.785993099212646
        ]
    }
}