{
    "combination": [
        0,
        1
    ],
    "permutation": [
        0,
        1
    ],
    "vocals": {
        "SI-SDR": [
            -1.185562089085579
        ],
        "SI-SIR": [
            3.7511295080184937
        ],
        "SI-SAR": [
            0.49491871148347855
        ],
        "SD-SDR": [
            -2.1148329033847557
        ],
        "SNR": [
            1.7471499741077423
        ],
        "SRR": [
            5.03765771226012
        ],
        "SI-SDRi": [
            5.976042076945305
        ],
        "SD-SDRi": [
            5.046799903835415
        ],
        "SNRi": [
            8.858387023210526
        ],
        "MIX-SI-SDR": [
            -7.161604166030884
        ],
        "MIX-SD-SDR": [
            -7.161632807220171
        ],
        "MIX-SNR": [
            -7.111237049102783
        ]
    },
    "non-vocals": {
        "SI-SDR": [
            8.400465250015259
        ],
        "SI-SIR": [
            14.270129203796387
        ],
        "SI-SAR": [
            9.701364040374756
        ],
        "SD-SDR": [
            7.091613816506716
        ],
        "SNR": [
            8.858386278152466
        ],
        "SRR": [
            12.934318714069953
        ],
        "SI-SDRi": [
            1.300489902496338
        ],
        "SD-SDRi": [
            -0.00831976198617479
        ],
        "SNRi": [
            1.7471492290496826
        ],
        "MIX-SI-SDR": [
            7.099975347518921
        ],
        "MIX-SD-SDR": [
            7.099933578492891
        ],
        "MIX-SNR": [
            7.111237049102783
        ]
    }
}