{
    "combination": [
        0,
        1
    ],
    "permutation": [
        0,
        1
    ],
    "vocals": {
        "SI-SDR": [
            0.847746878862381
        ],
        "SI-SIR": [
            7.0721882581710815
        ],
        "SI-SAR": [
            2.031269073486328
        ],
        "SD-SDR": [
            -0.33057865815536536
        ],
        "SNR": [
            3.228135108947754
        ],
        "SRR": [
            5.910400847042273
        ],
        "SI-SDRi": [
            6.754104048013687
        ],
        "SD-SDRi": [
            5.575777994295956
        ],
        "SNRi": [
            9.118207693099976
        ],
        "MIX-SI-SDR": [
            -5.906357169151306
        ],
        "MIX-SD-SDR": [
            -5.906356652451321
        ],
        "MIX-SNR": [
            -5.890072584152222
        ]
    },
    "non-vocals": {
        "SI-SDR": [
            8.585307002067566
        ],
        "SI-SIR": [
            13.959766626358032
        ],
        "SI-SAR": [
            10.073349475860596
        ],
        "SD-SDR": [
            7.71150097064097
        ],
        "SNR": [
            9.118207097053528
        ],
        "SRR": [
            15.099375059261298
        ],
        "SI-SDRi": [
            2.700238823890686
        ],
        "SD-SDRi": [
            1.8264398022143498
        ],
        "SNRi": [
            3.228134512901306
        ],
        "MIX-SI-SDR": [
            5.88506817817688
        ],
        "MIX-SD-SDR": [
            5.8850611684266205
        ],
        "MIX-SNR": [
            5.890072584152222
        ]
    }
}