{
    "combination": [
        0,
        1
    ],
    "permutation": [
        0,
        1
    ],
    "vocals": {
        "SI-SDR": [
            2.782178521156311
        ],
        "SI-SIR": [
            7.852389812469482
        ],
        "SI-SAR": [
            4.400953054428101
        ],
        "SD-SDR": [
            2.1156834876489525
        ],
        "SNR": [
            4.36556875705719
        ],
        "SRR": [
            10.583867021171967
        ],
        "SI-SDRi": [
            6.004195213317871
        ],
        "SD-SDRi": [
            5.337696869093867
        ],
        "SNRi": [
            7.580079734325409
        ],
        "MIX-SI-SDR": [
            -3.22201669216156
        ],
        "MIX-SD-SDR": [
            -3.222013381444915
        ],
        "MIX-SNR": [
            -3.214510977268219
        ]
    },
    "non-vocals": {
        "SI-SDR": [
            6.816199421882629
        ],
        "SI-SIR": [
            13.942461013793945
        ],
        "SI-SAR": [
            7.751811742782593
        ],
        "SD-SDR": [
            5.466537091218106
        ],
        "SNR": [
            7.580080032348633
        ],
        "SRR": [
            11.197874976199454
        ],
        "SI-SDRi": [
            3.605702519416809
        ],
        "SD-SDRi": [
            2.256042991755111
        ],
        "SNRi": [
            4.365569055080414
        ],
        "MIX-SI-SDR": [
            3.2104969024658203
        ],
        "MIX-SD-SDR": [
            3.210494099462995
        ],
        "MIX-SNR": [
            3.214510977268219
        ]
    }
}