{
    "combination": [
        0,
        1
    ],
    "permutation": [
        0,
        1
    ],
    "vocals": {
        "SI-SDR": [
            2.3420314490795135
        ],
        "SI-SIR": [
            10.81069827079773
        ],
        "SI-SAR": [
            3.008546233177185
        ],
        "SD-SDR": [
            1.9902738996622749
        ],
        "SNR": [
            3.730422258377075
        ],
        "SRR": [
            13.07996525862755
        ],
        "SI-SDRi": [
            11.116670221090317
        ],
        "SD-SDRi": [
            10.76490948038104
        ],
        "SNRi": [
            12.489099502563477
        ],
        "MIX-SI-SDR": [
            -8.774638772010803
        ],
        "MIX-SD-SDR": [
            -8.774635580718764
        ],
        "MIX-SNR": [
            -8.758677244186401
        ]
    },
    "non-vocals": {
        "SI-SDR": [
            12.318123579025269
        ],
        "SI-SIR": [
            22.804126739501953
        ],
        "SI-SAR": [
            12.72489309310913
        ],
        "SD-SDR": [
            11.706624601470127
        ],
        "SNR": [
            12.489100694656372
        ],
        "SRR": [
            20.51268965527064
        ],
        "SI-SDRi": [
            3.5628890991210938
        ],
        "SD-SDRi": [
            2.951388127703689
        ],
        "SNRi": [
            3.730422258377075
        ],
        "MIX-SI-SDR": [
            8.755234479904175
        ],
        "MIX-SD-SDR": [
            8.755236473766438
        ],
        "MIX-SNR": [
            8.758678436279297
        ]
    }
}