{
    "combination": [
        0,
        1
    ],
    "permutation": [
        0,
        1
    ],
    "vocals": {
        "SI-SDR": [
            9.333910346031189
        ],
        "SI-SIR": [
            17.406281232833862
        ],
        "SI-SAR": [
            10.06981611251831
        ],
        "SD-SDR": [
            9.004842181945964
        ],
        "SNR": [
            9.799692034721375
        ],
        "SRR": [
            20.370128749945685
        ],
        "SI-SDRi": [
            8.695188760757446
        ],
        "SD-SDRi": [
            8.366122208664043
        ],
        "SNRi": [
            9.148952141404152
        ],
        "MIX-SI-SDR": [
            0.6387215852737427
        ],
        "MIX-SD-SDR": [
            0.6387199732819208
        ],
        "MIX-SNR": [
            0.6507398933172226
        ]
    },
    "non-vocals": {
        "SI-SDR": [
            8.59069049358368
        ],
        "SI-SIR": [
            19.29795503616333
        ],
        "SI-SAR": [
            8.976335525512695
        ],
        "SD-SDR": [
            7.9113665748393815
        ],
        "SNR": [
            9.14895236492157
        ],
        "SRR": [
            16.298640949089155
        ],
        "SI-SDRi": [
            9.255969449877739
        ],
        "SD-SDRi": [
            8.576658651228572
        ],
        "SNRi": [
            9.79969210922718
        ],
        "MIX-SI-SDR": [
            -0.6652789562940598
        ],
        "MIX-SD-SDR": [
            -0.6652920763891907
        ],
        "MIX-SNR": [
            -0.6507397443056107
        ]
    }
}