{
    "combination": [
        0,
        1
    ],
    "permutation": [
        0,
        1
    ],
    "vocals": {
        "SI-SDR": [
            2.71619975566864
        ],
        "SI-SIR": [
            14.027104377746582
        ],
        "SI-SAR": [
            3.0498281121253967
        ],
        "SD-SDR": [
            0.427208133969609
        ],
        "SNR": [
            4.560331404209137
        ],
        "SRR": [
            4.302364766218945
        ],
        "SI-SDRi": [
            5.784372985363007
        ],
        "SD-SDRi": [
            3.495391524722071
        ],
        "SNRi": [
            7.6137301325798035
        ],
        "MIX-SI-SDR": [
            -3.0681732296943665
        ],
        "MIX-SD-SDR": [
            -3.068183390752462
        ],
        "MIX-SNR": [
            -3.0533987283706665
        ]
    },
    "non-vocals": {
        "SI-SDR": [
            7.015352845191956
        ],
        "SI-SIR": [
            10.69912075996399
        ],
        "SI-SAR": [
            9.442681670188904
        ],
        "SD-SDR": [
            6.820061652928337
        ],
        "SNR": [
            7.61372983455658
        ],
        "SRR": [
            20.383651157981323
        ],
        "SI-SDRi": [
            3.9699363708496094
        ],
        "SD-SDRi": [
            3.774654271735963
        ],
        "SNRi": [
            4.560331404209137
        ],
        "MIX-SI-SDR": [
            3.045416474342346
        ],
        "MIX-SD-SDR": [
            3.045407381192374
        ],
        "MIX-SNR": [
            3.0533984303474426
        ]
    }
}