{
    "combination": [
        0,
        1
    ],
    "permutation": [
        0,
        1
    ],
    "vocals": {
        "SI-SDR": [
            1.309007853269577
        ],
        "SI-SIR": [
            12.753863334655762
        ],
        "SI-SAR": [
            1.6321225464344025
        ],
        "SD-SDR": [
            -0.3571245017038054
        ],
        "SNR": [
            3.660765588283539
        ],
        "SRR": [
            4.610076738478831
        ],
        "SI-SDRi": [
            11.85511514544487
        ],
        "SD-SDRi": [
            10.188985363393158
        ],
        "SNRi": [
            14.203787744045258
        ],
        "MIX-SI-SDR": [
            -10.546107292175293
        ],
        "MIX-SD-SDR": [
            -10.546109865096962
        ],
        "MIX-SNR": [
            -10.543022155761719
        ]
    },
    "non-vocals": {
        "SI-SDR": [
            14.03738021850586
        ],
        "SI-SIR": [
            18.787227869033813
        ],
        "SI-SAR": [
            15.808993577957153
        ],
        "SD-SDR": [
            13.819742087765327
        ],
        "SNR": [
            14.203788042068481
        ],
        "SRR": [
            26.895891761498202
        ],
        "SI-SDRi": [
            3.496164083480835
        ],
        "SD-SDRi": [
            3.2785228179325205
        ],
        "SNRi": [
            3.6607658863067627
        ],
        "MIX-SI-SDR": [
            10.541216135025024
        ],
        "MIX-SD-SDR": [
            10.541219269832807
        ],
        "MIX-SNR": [
            10.543022155761719
        ]
    }
}