{
    "combination": [
        0,
        1
    ],
    "permutation": [
        0,
        1
    ],
    "vocals": {
        "SI-SDR": [
            3.0981427431106567
        ],
        "SI-SIR": [
            11.139507293701172
        ],
        "SI-SAR": [
            3.8398337364196777
        ],
        "SD-SDR": [
            2.134380485827749
        ],
        "SNR": [
            4.734317660331726
        ],
        "SRR": [
            9.144658148532232
        ],
        "SI-SDRi": [
            9.15353536605835
        ],
        "SD-SDRi": [
            8.189778444363181
        ],
        "SNRi": [
            10.763039588928223
        ],
        "MIX-SI-SDR": [
            -6.055392622947693
        ],
        "MIX-SD-SDR": [
            -6.055397958535432
        ],
        "MIX-SNR": [
            -6.028721928596497
        ]
    },
    "non-vocals": {
        "SI-SDR": [
            10.404759645462036
        ],
        "SI-SIR": [
            16.840192079544067
        ],
        "SI-SAR": [
            11.524183750152588
        ],
        "SD-SDR": [
            9.818724675795997
        ],
        "SNR": [
            10.763039588928223
        ],
        "SRR": [
            18.79751445833778
        ],
        "SI-SDRi": [
            4.38383936882019
        ],
        "SD-SDRi": [
            3.7978156166590473
        ],
        "SNRi": [
            4.734318256378174
        ],
        "MIX-SI-SDR": [
            6.020920276641846
        ],
        "MIX-SD-SDR": [
            6.020909059136949
        ],
        "MIX-SNR": [
            6.028721332550049
        ]
    }
}