{
    "combination": [
        0,
        1
    ],
    "permutation": [
        0,
        1
    ],
    "vocals": {
        "SI-SDR": [
            3.201996088027954
        ],
        "SI-SIR": [
            10.407681465148926
        ],
        "SI-SAR": [
            4.118667542934418
        ],
        "SD-SDR": [
            2.6168198785818886
        ],
        "SNR": [
            4.642800688743591
        ],
        "SRR": [
            11.610908131958666
        ],
        "SI-SDRi": [
            4.945888966321945
        ],
        "SD-SDRi": [
            4.3607183790409465
        ],
        "SNRi": [
            6.401291787624359
        ],
        "MIX-SI-SDR": [
            -1.743892878293991
        ],
        "MIX-SD-SDR": [
            -1.7438985004590581
        ],
        "MIX-SNR": [
            -1.7584910988807678
        ]
    },
    "non-vocals": {
        "SI-SDR": [
            5.305584073066711
        ],
        "SI-SIR": [
            13.498311042785645
        ],
        "SI-SAR": [
            6.019622087478638
        ],
        "SD-SDR": [
            4.517773133476777
        ],
        "SNR": [
            6.401292085647583
        ],
        "SRR": [
            12.318115205383421
        ],
        "SI-SDRi": [
            3.5375024378299713
        ],
        "SD-SDRi": [
            2.749697091525583
        ],
        "SNRi": [
            4.642800986766815
        ],
        "MIX-SI-SDR": [
            1.7680816352367401
        ],
        "MIX-SD-SDR": [
            1.768076041951194
        ],
        "MIX-SNR": [
            1.7584910988807678
        ]
    }
}