{
    "combination": [
        0,
        1
    ],
    "permutation": [
        0,
        1
    ],
    "vocals": {
        "SI-SDR": [
            2.434138208627701
        ],
        "SI-SIR": [
            13.916325569152832
        ],
        "SI-SAR": [
            2.7543655037879944
        ],
        "SD-SDR": [
            1.1348924088278518
        ],
        "SNR": [
            4.339526295661926
        ],
        "SRR": [
            7.009192359399815
        ],
        "SI-SDRi": [
            12.14157059788704
        ],
        "SD-SDRi": [
            10.842333518126521
        ],
        "SNRi": [
            14.06263291835785
        ],
        "MIX-SI-SDR": [
            -9.707432389259338
        ],
        "MIX-SD-SDR": [
            -9.707441109298669
        ],
        "MIX-SNR": [
            -9.723106622695923
        ]
    },
    "non-vocals": {
        "SI-SDR": [
            13.891746997833252
        ],
        "SI-SIR": [
            19.529306888580322
        ],
        "SI-SAR": [
            15.276710987091064
        ],
        "SD-SDR": [
            13.65724367473911
        ],
        "SNR": [
            14.062632322311401
        ],
        "SRR": [
            26.415371829935946
        ],
        "SI-SDRi": [
            4.168668985366821
        ],
        "SD-SDRi": [
            3.9341677541900992
        ],
        "SNRi": [
            4.339526891708374
        ],
        "MIX-SI-SDR": [
            9.72307801246643
        ],
        "MIX-SD-SDR": [
            9.723075920549011
        ],
        "MIX-SNR": [
            9.723105430603027
        ]
    }
}