{
    "combination": [
        0,
        1
    ],
    "permutation": [
        0,
        1
    ],
    "vocals": {
        "SI-SDR": [
            2.9130947589874268
        ],
        "SI-SIR": [
            8.058622479438782
        ],
        "SI-SAR": [
            4.498052597045898
        ],
        "SD-SDR": [
            1.4732132314105861
        ],
        "SNR": [
            4.690647125244141
        ],
        "SRR": [
            6.967774685382462
        ],
        "SI-SDRi": [
            4.381878226995468
        ],
        "SD-SDRi": [
            2.942048373576057
        ],
        "SNRi": [
            6.193155646324158
        ],
        "MIX-SI-SDR": [
            -1.4687834680080414
        ],
        "MIX-SD-SDR": [
            -1.4688351421654708
        ],
        "MIX-SNR": [
            -1.502508521080017
        ]
    },
    "non-vocals": {
        "SI-SDR": [
            5.0006163120269775
        ],
        "SI-SIR": [
            9.403135180473328
        ],
        "SI-SAR": [
            6.958300471305847
        ],
        "SD-SDR": [
            3.9334623890848657
        ],
        "SNR": [
            6.193156838417053
        ],
        "SRR": [
            10.540963539301476
        ],
        "SI-SDRi": [
            3.476862758398056
        ],
        "SD-SDRi": [
            2.409751053513803
        ],
        "SNRi": [
            4.690648168325424
        ],
        "MIX-SI-SDR": [
            1.5237535536289215
        ],
        "MIX-SD-SDR": [
            1.5237113355710625
        ],
        "MIX-SNR": [
            1.502508670091629
        ]
    }
}