{
    "combination": [
        0,
        1
    ],
    "permutation": [
        0,
        1
    ],
    "vocals": {
        "SI-SDR": [
            2.3583194613456726
        ],
        "SI-SIR": [
            11.119036674499512
        ],
        "SI-SAR": [
            2.978109121322632
        ],
        "SD-SDR": [
            0.6855416322532508
        ],
        "SNR": [
            4.33712899684906
        ],
        "SRR": [
            5.636988161383916
        ],
        "SI-SDRi": [
            5.906314253807068
        ],
        "SD-SDRi": [
            4.233689021416878
        ],
        "SNRi": [
            7.963337302207947
        ],
        "MIX-SI-SDR": [
            -3.5479947924613953
        ],
        "MIX-SD-SDR": [
            -3.5481473891636273
        ],
        "MIX-SNR": [
            -3.6262083053588867
        ]
    },
    "non-vocals": {
        "SI-SDR": [
            7.264624834060669
        ],
        "SI-SIR": [
            11.78807258605957
        ],
        "SI-SAR": [
            9.154919385910034
        ],
        "SD-SDR": [
            6.862354016854478
        ],
        "SNR": [
            7.963337302207947
        ],
        "SRR": [
            17.38436594489708
        ],
        "SI-SDRi": [
            3.605520725250244
        ],
        "SD-SDRi": [
            3.20343028804387
        ],
        "SNRi": [
            4.337128698825836
        ],
        "MIX-SI-SDR": [
            3.659104108810425
        ],
        "MIX-SD-SDR": [
            3.6589237288106076
        ],
        "MIX-SNR": [
            3.6262086033821106
        ]
    }
}