{
    "combination": [
        0,
        1
    ],
    "permutation": [
        0,
        1
    ],
    "vocals": {
        "SI-SDR": [
            -16.591176986694336
        ],
        "SI-SIR": [
            -3.5736647248268127
        ],
        "SI-SAR": [
            -16.368801593780518
        ],
        "SD-SDR": [
            -17.046724588746088
        ],
        "SNR": [
            -6.819592714309692
        ],
        "SRR": [
            -7.028428536560557
        ],
        "SI-SDRi": [
            8.776698112487793
        ],
        "SD-SDRi": [
            8.32121553261327
        ],
        "SNRi": [
            19.237383604049683
        ],
        "MIX-SI-SDR": [
            -25.36787509918213
        ],
        "MIX-SD-SDR": [
            -25.367940121359357
        ],
        "MIX-SNR": [
            -26.056976318359375
        ]
    },
    "non-vocals": {
        "SI-SDR": [
            19.23103928565979
        ],
        "SI-SIR": [
            29.0277361869812
        ],
        "SI-SAR": [
            19.71174716949463
        ],
        "SD-SDR": [
            19.03383763414976
        ],
        "SNR": [
            19.237383604049683
        ],
        "SRR": [
            32.501064248664505
        ],
        "SI-SDRi": [
            -6.826313734054565
        ],
        "SD-SDRi": [
            -7.023487620053647
        ],
        "SNRi": [
            -6.819592714309692
        ],
        "MIX-SI-SDR": [
            26.057353019714355
        ],
        "MIX-SD-SDR": [
            26.057325254203406
        ],
        "MIX-SNR": [
            26.056976318359375
        ]
    }
}