{
    "combination": [
        0,
        1
    ],
    "permutation": [
        0,
        1
    ],
    "vocals": {
        "SI-SDR": [
            4.860568046569824
        ],
        "SI-SIR": [
            14.68184232711792
        ],
        "SI-SAR": [
            5.338455438613892
        ],
        "SD-SDR": [
            4.025377172435096
        ],
        "SNR": [
            6.054500341415405
        ],
        "SRR": [
            11.595814234996151
        ],
        "SI-SDRi": [
            12.790678143501282
        ],
        "SD-SDRi": [
            11.955487396471057
        ],
        "SNRi": [
            13.964844346046448
        ],
        "MIX-SI-SDR": [
            -7.9301100969314575
        ],
        "MIX-SD-SDR": [
            -7.930110224035961
        ],
        "MIX-SNR": [
            -7.9103440046310425
        ]
    },
    "non-vocals": {
        "SI-SDR": [
            13.82926344871521
        ],
        "SI-SIR": [
            21.014163494110107
        ],
        "SI-SAR": [
            14.75088119506836
        ],
        "SD-SDR": [
            13.43780513151104
        ],
        "SNR": [
            13.96484375
        ],
        "SRR": [
            24.074585613375447
        ],
        "SI-SDRi": [
            5.922727584838867
        ],
        "SD-SDRi": [
            5.5312826582958445
        ],
        "SNRi": [
            6.05449914932251
        ],
        "MIX-SI-SDR": [
            7.906535863876343
        ],
        "MIX-SD-SDR": [
            7.906522473215195
        ],
        "MIX-SNR": [
            7.91034460067749
        ]
    }
}