{
    "combination": [
        0,
        1
    ],
    "permutation": [
        0,
        1
    ],
    "vocals": {
        "SI-SDR": [
            0.3598681464791298
        ],
        "SI-SIR": [
            3.7632864713668823
        ],
        "SI-SAR": [
            3.0096998810768127
        ],
        "SD-SDR": [
            -0.00910249268006691
        ],
        "SNR": [
            2.1736742556095123
        ],
        "SRR": [
            10.881867779462251
        ],
        "SI-SDRi": [
            3.794471062719822
        ],
        "SD-SDRi": [
            3.4255053736021144
        ],
        "SNRi": [
            5.596742779016495
        ],
        "MIX-SI-SDR": [
            -3.434602916240692
        ],
        "MIX-SD-SDR": [
            -3.4346078662821813
        ],
        "MIX-SNR": [
            -3.4230685234069824
        ]
    },
    "non-vocals": {
        "SI-SDR": [
            4.349539279937744
        ],
        "SI-SIR": [
            12.893579006195068
        ],
        "SI-SAR": [
            5.003690719604492
        ],
        "SD-SDR": [
            1.9848761780359991
        ],
        "SNR": [
            5.596743822097778
        ],
        "SRR": [
            5.753225333185941
        ],
        "SI-SDRi": [
            0.9322074055671692
        ],
        "SD-SDRi": [
            -1.432444134535578
        ],
        "SNRi": [
            2.1736744046211243
        ],
        "MIX-SI-SDR": [
            3.417331874370575
        ],
        "MIX-SD-SDR": [
            3.417320312571577
        ],
        "MIX-SNR": [
            3.423069417476654
        ]
    }
}