{
    "combination": [
        0,
        1
    ],
    "permutation": [
        0,
        1
    ],
    "vocals": {
        "SI-SDR": [
            2.3741187155246735
        ],
        "SI-SIR": [
            8.708170652389526
        ],
        "SI-SAR": [
            3.5238340497016907
        ],
        "SD-SDR": [
            1.7793974854390244
        ],
        "SNR": [
            4.0012526512146
        ],
        "SRR": [
            10.707375223366869
        ],
        "SI-SDRi": [
            5.4510654509067535
        ],
        "SD-SDRi": [
            4.856348486629443
        ],
        "SNRi": [
            7.074085772037506
        ],
        "MIX-SI-SDR": [
            -3.07694673538208
        ],
        "MIX-SD-SDR": [
            -3.076951001190419
        ],
        "MIX-SNR": [
            -3.0728331208229065
        ]
    },
    "non-vocals": {
        "SI-SDR": [
            6.125561594963074
        ],
        "SI-SIR": [
            14.072695970535278
        ],
        "SI-SAR": [
            6.884986162185669
        ],
        "SD-SDR": [
            5.1405493894079815
        ],
        "SNR": [
            7.074085474014282
        ],
        "SRR": [
            12.064545790586303
        ],
        "SI-SDRi": [
            3.0551987886428833
        ],
        "SD-SDRi": [
            2.0701896244925417
        ],
        "SNRi": [
            4.001253247261047
        ],
        "MIX-SI-SDR": [
            3.0703628063201904
        ],
        "MIX-SD-SDR": [
            3.0703597649154397
        ],
        "MIX-SNR": [
            3.072832226753235
        ]
    }
}