{
    "combination": [
        0,
        1
    ],
    "permutation": [
        0,
        1
    ],
    "vocals": {
        "SI-SDR": [
            3.847915530204773
        ],
        "SI-SIR": [
            10.821727514266968
        ],
        "SI-SAR": [
            4.820973873138428
        ],
        "SD-SDR": [
            3.6748066247925477
        ],
        "SNR": [
            4.732446670532227
        ],
        "SRR": [
            17.755343059279273
        ],
        "SI-SDRi": [
            7.4638813734054565
        ],
        "SD-SDRi": [
            7.290843879533498
        ],
        "SNRi": [
            8.40210497379303
        ],
        "MIX-SI-SDR": [
            -3.6159658432006836
        ],
        "MIX-SD-SDR": [
            -3.6160372547409505
        ],
        "MIX-SNR": [
            -3.6696583032608032
        ]
    },
    "non-vocals": {
        "SI-SDR": [
            7.744067907333374
        ],
        "SI-SIR": [
            20.82016944885254
        ],
        "SI-SAR": [
            7.963395118713379
        ],
        "SD-SDR": [
            6.817231663497829
        ],
        "SNR": [
            8.402104377746582
        ],
        "SRR": [
            13.97191601435056
        ],
        "SI-SDRi": [
            4.052714407444
        ],
        "SD-SDRi": [
            3.1259699332700577
        ],
        "SNRi": [
            4.732446074485779
        ],
        "MIX-SI-SDR": [
            3.691353499889374
        ],
        "MIX-SD-SDR": [
            3.691261730227771
        ],
        "MIX-SNR": [
            3.6696583032608032
        ]
    }
}