{
    "combination": [
        0,
        1
    ],
    "permutation": [
        0,
        1
    ],
    "vocals": {
        "SI-SDR": [
            4.6043020486831665
        ],
        "SI-SIR": [
            11.68032169342041
        ],
        "SI-SAR": [
            5.552092790603638
        ],
        "SD-SDR": [
            3.8970457840281965
        ],
        "SNR": [
            5.817978382110596
        ],
        "SRR": [
            12.127883481465025
        ],
        "SI-SDRi": [
            7.7085816860198975
        ],
        "SD-SDRi": [
            7.001337980788371
        ],
        "SNRi": [
            8.89970600605011
        ],
        "MIX-SI-SDR": [
            -3.104279637336731
        ],
        "MIX-SD-SDR": [
            -3.104292196760174
        ],
        "MIX-SNR": [
            -3.081727623939514
        ]
    },
    "non-vocals": {
        "SI-SDR": [
            8.315500617027283
        ],
        "SI-SIR": [
            15.76858401298523
        ],
        "SI-SAR": [
            9.176079630851746
        ],
        "SD-SDR": [
            7.521034421082133
        ],
        "SNR": [
            8.899705410003662
        ],
        "SRR": [
            15.288621901053327
        ],
        "SI-SDRi": [
            5.244986414909363
        ],
        "SD-SDRi": [
            4.4505356194028955
        ],
        "SNRi": [
            5.817977786064148
        ],
        "MIX-SI-SDR": [
            3.07051420211792
        ],
        "MIX-SD-SDR": [
            3.070498801679238
        ],
        "MIX-SNR": [
            3.081727623939514
        ]
    }
}