{
    "combination": [
        0,
        1
    ],
    "permutation": [
        0,
        1
    ],
    "vocals": {
        "SI-SDR": [
            6.425800919532776
        ],
        "SI-SIR": [
            15.156488418579102
        ],
        "SI-SAR": [
            7.050336003303528
        ],
        "SD-SDR": [
            5.83049271645433
        ],
        "SNR": [
            7.290050983428955
        ],
        "SRR": [
            14.751861456826294
        ],
        "SI-SDRi": [
            10.324366092681885
        ],
        "SD-SDRi": [
            9.729053014541158
        ],
        "SNRi": [
            11.191903352737427
        ],
        "MIX-SI-SDR": [
            -3.898565173149109
        ],
        "MIX-SD-SDR": [
            -3.8985602980868275
        ],
        "MIX-SNR": [
            -3.9018523693084717
        ]
    },
    "non-vocals": {
        "SI-SDR": [
            10.871356725692749
        ],
        "SI-SIR": [
            19.254872798919678
        ],
        "SI-SAR": [
            11.55217170715332
        ],
        "SD-SDR": [
            10.332327195359602
        ],
        "SNR": [
            11.191903352737427
        ],
        "SRR": [
            19.657266732628468
        ],
        "SI-SDRi": [
            6.968252062797546
        ],
        "SD-SDRi": [
            6.429224106114512
        ],
        "SNRi": [
            7.290050983428955
        ],
        "MIX-SI-SDR": [
            3.9031046628952026
        ],
        "MIX-SD-SDR": [
            3.9031030892450893
        ],
        "MIX-SNR": [
            3.9018523693084717
        ]
    }
}