{
    "combination": [
        0,
        1
    ],
    "permutation": [
        0,
        1
    ],
    "vocals": {
        "SI-SDR": [
            3.5551801323890686
        ],
        "SI-SIR": [
            12.251538038253784
        ],
        "SI-SAR": [
            4.18506920337677
        ],
        "SD-SDR": [
            2.921479511169658
        ],
        "SNR": [
            4.951174259185791
        ],
        "SRR": [
            11.593070963015752
        ],
        "SI-SDRi": [
            8.787815868854523
        ],
        "SD-SDRi": [
            8.154119645517744
        ],
        "SNRi": [
            10.177807807922363
        ],
        "MIX-SI-SDR": [
            -5.232635736465454
        ],
        "MIX-SD-SDR": [
            -5.2326401343480855
        ],
        "MIX-SNR": [
            -5.226633548736572
        ]
    },
    "non-vocals": {
        "SI-SDR": [
            9.744365215301514
        ],
        "SI-SIR": [
            17.87989854812622
        ],
        "SI-SAR": [
            10.468676090240479
        ],
        "SD-SDR": [
            9.205084513599793
        ],
        "SNR": [
            10.177807807922363
        ],
        "SRR": [
            18.52559971497885
        ],
        "SI-SDRi": [
            4.520162343978882
        ],
        "SD-SDRi": [
            3.9808763009539145
        ],
        "SNRi": [
            4.951174259185791
        ],
        "MIX-SI-SDR": [
            5.224202871322632
        ],
        "MIX-SD-SDR": [
            5.224208212645879
        ],
        "MIX-SNR": [
            5.226633548736572
        ]
    }
}