{
    "combination": [
        0,
        1
    ],
    "permutation": [
        0,
        1
    ],
    "vocals": {
        "SI-SDR": [
            5.67745566368103
        ],
        "SI-SIR": [
            12.208995819091797
        ],
        "SI-SAR": [
            6.769065856933594
        ],
        "SD-SDR": [
            5.189842679926036
        ],
        "SNR": [
            6.622381806373596
        ],
        "SRR": [
            14.928044596981314
        ],
        "SI-SDRi": [
            7.490623593330383
        ],
        "SD-SDRi": [
            7.003015626771636
        ],
        "SNRi": [
            8.447269052267075
        ],
        "MIX-SI-SDR": [
            -1.813167929649353
        ],
        "MIX-SD-SDR": [
            -1.8131729468456
        ],
        "MIX-SNR": [
            -1.8248872458934784
        ]
    },
    "non-vocals": {
        "SI-SDR": [
            7.805541753768921
        ],
        "SI-SIR": [
            16.571099758148193
        ],
        "SI-SAR": [
            8.424723148345947
        ],
        "SD-SDR": [
            6.845504760313286
        ],
        "SNR": [
            8.447269201278687
        ],
        "SRR": [
            13.871126888185243
        ],
        "SI-SDRi": [
            5.9730130434036255
        ],
        "SD-SDRi": [
            5.012984210599398
        ],
        "SNRi": [
            6.622381657361984
        ],
        "MIX-SI-SDR": [
            1.8325287103652954
        ],
        "MIX-SD-SDR": [
            1.8325205497138886
        ],
        "MIX-SNR": [
            1.8248875439167023
        ]
    }
}