{
    "combination": [
        0,
        1
    ],
    "permutation": [
        0,
        1
    ],
    "vocals": {
        "SI-SDR": [
            -0.3149044141173363
        ],
        "SI-SIR": [
            7.05657422542572
        ],
        "SI-SAR": [
            0.5637586116790771
        ],
        "SD-SDR": [
            -2.4724627583749736
        ],
        "SNR": [
            2.784963548183441
        ],
        "SRR": [
            1.5999185119419856
        ],
        "SI-SDRi": [
            6.781308688223362
        ],
        "SD-SDRi": [
            4.623751438449219
        ],
        "SNRi": [
            9.895747601985931
        ],
        "MIX-SI-SDR": [
            -7.096213102340698
        ],
        "MIX-SD-SDR": [
            -7.096214196824192
        ],
        "MIX-SNR": [
            -7.11078405380249
        ]
    },
    "non-vocals": {
        "SI-SDR": [
            9.426676034927368
        ],
        "SI-SIR": [
            12.98397183418274
        ],
        "SI-SAR": [
            11.951220035552979
        ],
        "SD-SDR": [
            8.914996716601907
        ],
        "SNR": [
            9.895747303962708
        ],
        "SRR": [
            18.450125648923517
        ],
        "SI-SDRi": [
            2.314102053642273
        ],
        "SD-SDRi": [
            1.8024277498324812
        ],
        "SNRi": [
            2.7849632501602173
        ],
        "MIX-SI-SDR": [
            7.112573981285095
        ],
        "MIX-SD-SDR": [
            7.112568966769426
        ],
        "MIX-SNR": [
            7.11078405380249
        ]
    }
}