{
    "combination": [
        0,
        1
    ],
    "permutation": [
        0,
        1
    ],
    "vocals": {
        "SI-SDR": [
            6.621189117431641
        ],
        "SI-SIR": [
            15.954869985580444
        ],
        "SI-SAR": [
            7.1595299243927
        ],
        "SD-SDR": [
            6.259610608368156
        ],
        "SNR": [
            7.3786598443984985
        ],
        "SRR": [
            17.233771240065305
        ],
        "SI-SDRi": [
            8.75101238489151
        ],
        "SD-SDRi": [
            8.389441675593766
        ],
        "SNRi": [
            9.513058066368103
        ],
        "MIX-SI-SDR": [
            -2.1298232674598694
        ],
        "MIX-SD-SDR": [
            -2.129831067225609
        ],
        "MIX-SNR": [
            -2.1343982219696045
        ]
    },
    "non-vocals": {
        "SI-SDR": [
            8.997536301612854
        ],
        "SI-SIR": [
            19.47618007659912
        ],
        "SI-SAR": [
            9.405041337013245
        ],
        "SD-SDR": [
            8.505132003178028
        ],
        "SNR": [
            9.513059258460999
        ],
        "SRR": [
            18.198865868062516
        ],
        "SI-SDRi": [
            6.8611449003219604
        ],
        "SD-SDRi": [
            6.368739606099842
        ],
        "SNRi": [
            7.378660887479782
        ],
        "MIX-SI-SDR": [
            2.1363914012908936
        ],
        "MIX-SD-SDR": [
            2.1363923970781866
        ],
        "MIX-SNR": [
            2.1343983709812164
        ]
    }
}