{
    "combination": [
        0,
        1
    ],
    "permutation": [
        0,
        1
    ],
    "vocals": {
        "SI-SDR": [
            3.1554794311523438
        ],
        "SI-SIR": [
            10.485092401504517
        ],
        "SI-SAR": [
            4.043586850166321
        ],
        "SD-SDR": [
            2.228937097099114
        ],
        "SNR": [
            4.765343070030212
        ],
        "SRR": [
            9.392868567195924
        ],
        "SI-SDRi": [
            8.9411461353302
        ],
        "SD-SDRi": [
            8.014599682348308
        ],
        "SNRi": [
            10.543630719184875
        ],
        "MIX-SI-SDR": [
            -5.7856667041778564
        ],
        "MIX-SD-SDR": [
            -5.785662585249193
        ],
        "MIX-SNR": [
            -5.778287649154663
        ]
    },
    "non-vocals": {
        "SI-SDR": [
            10.186761617660522
        ],
        "SI-SIR": [
            16.650776863098145
        ],
        "SI-SAR": [
            11.297863721847534
        ],
        "SD-SDR": [
            9.483205596744108
        ],
        "SNR": [
            10.543630123138428
        ],
        "SRR": [
            17.731084981679686
        ],
        "SI-SDRi": [
            4.410966634750366
        ],
        "SD-SDRi": [
            3.7074100883863226
        ],
        "SNRi": [
            4.765342473983765
        ],
        "MIX-SI-SDR": [
            5.775794982910156
        ],
        "MIX-SD-SDR": [
            5.775795508357786
        ],
        "MIX-SNR": [
            5.778287649154663
        ]
    }
}