{
    "combination": [
        0,
        1
    ],
    "permutation": [
        0,
        1
    ],
    "vocals": {
        "SI-SDR": [
            5.481783151626587
        ],
        "SI-SIR": [
            13.046842813491821
        ],
        "SI-SAR": [
            6.318188905715942
        ],
        "SD-SDR": [
            5.056779249798449
        ],
        "SNR": [
            6.42484724521637
        ],
        "SRR": [
            15.361122123112501
        ],
        "SI-SDRi": [
            10.194177627563477
        ],
        "SD-SDRi": [
            9.769173733415329
        ],
        "SNRi": [
            11.148122549057007
        ],
        "MIX-SI-SDR": [
            -4.71239447593689
        ],
        "MIX-SD-SDR": [
            -4.71239448361688
        ],
        "MIX-SNR": [
            -4.723275303840637
        ]
    },
    "non-vocals": {
        "SI-SDR": [
            10.881955623626709
        ],
        "SI-SIR": [
            20.42794704437256
        ],
        "SI-SAR": [
            11.393030881881714
        ],
        "SD-SDR": [
            10.131610440370725
        ],
        "SNR": [
            11.148122549057007
        ],
        "SRR": [
            18.120822745108466
        ],
        "SI-SDRi": [
            6.155727505683899
        ],
        "SD-SDRi": [
            5.405386707498263
        ],
        "SNRi": [
            6.42484724521637
        ],
        "MIX-SI-SDR": [
            4.72622811794281
        ],
        "MIX-SD-SDR": [
            4.726223732872462
        ],
        "MIX-SNR": [
            4.723275303840637
        ]
    }
}