{
    "combination": [
        0,
        1
    ],
    "permutation": [
        0,
        1
    ],
    "vocals": {
        "SI-SDR": [
            3.964088559150696
        ],
        "SI-SIR": [
            9.693012237548828
        ],
        "SI-SAR": [
            5.315231084823608
        ],
        "SD-SDR": [
            3.2025034767540577
        ],
        "SNR": [
            5.32901406288147
        ],
        "SRR": [
            11.137998192980351
        ],
        "SI-SDRi": [
            4.914749786257744
        ],
        "SD-SDRi": [
            4.153201741058172
        ],
        "SNRi": [
            6.252608373761177
        ],
        "MIX-SI-SDR": [
            -0.950661227107048
        ],
        "MIX-SD-SDR": [
            -0.9506982643041147
        ],
        "MIX-SNR": [
            -0.9235943108797073
        ]
    },
    "non-vocals": {
        "SI-SDR": [
            5.078870058059692
        ],
        "SI-SIR": [
            11.93410038948059
        ],
        "SI-SAR": [
            6.082240343093872
        ],
        "SD-SDR": [
            3.9695096787181887
        ],
        "SNR": [
            6.252608299255371
        ],
        "SRR": [
            10.439252953521489
        ],
        "SI-SDRi": [
            4.177223443984985
        ],
        "SD-SDRi": [
            3.0678897080831344
        ],
        "SNRi": [
            5.329013913869858
        ],
        "MIX-SI-SDR": [
            0.901646614074707
        ],
        "MIX-SD-SDR": [
            0.9016199706350541
        ],
        "MIX-SNR": [
            0.9235943853855133
        ]
    }
}