{
    "combination": [
        0,
        1
    ],
    "permutation": [
        0,
        1
    ],
    "vocals": {
        "SI-SDR": [
            -7.198522686958313
        ],
        "SI-SIR": [
            -0.44500403106212616
        ],
        "SI-SAR": [
            -6.168316006660461
        ],
        "SD-SDR": [
            -8.161746435647622
        ],
        "SNR": [
            -1.547902375459671
        ],
        "SRR": [
            -1.1485474131971776
        ],
        "SI-SDRi": [
            6.4578622579574585
        ],
        "SD-SDRi": [
            5.49464171387978
        ],
        "SNRi": [
            12.114361971616745
        ],
        "MIX-SI-SDR": [
            -13.656384944915771
        ],
        "MIX-SD-SDR": [
            -13.656388149527402
        ],
        "MIX-SNR": [
            -13.662264347076416
        ]
    },
    "non-vocals": {
        "SI-SDR": [
            11.983946561813354
        ],
        "SI-SIR": [
            18.191473484039307
        ],
        "SI-SAR": [
            13.172756433486938
        ],
        "SD-SDR": [
            11.179322110467792
        ],
        "SNR": [
            12.11436152458191
        ],
        "SRR": [
            18.887974424709782
        ],
        "SI-SDRi": [
            -1.677393913269043
        ],
        "SD-SDRi": [
            -2.4820146386402584
        ],
        "SNRi": [
            -1.5479004383087158
        ],
        "MIX-SI-SDR": [
            13.661340475082397
        ],
        "MIX-SD-SDR": [
            13.66133674910805
        ],
        "MIX-SNR": [
            13.662261962890625
        ]
    }
}