{
    "combination": [
        0,
        1
    ],
    "permutation": [
        0,
        1
    ],
    "vocals": {
        "SI-SDR": [
            0.05918285809457302
        ],
        "SI-SIR": [
            6.644150614738464
        ],
        "SI-SAR": [
            1.1356336623430252
        ],
        "SD-SDR": [
            -0.6342573173861181
        ],
        "SNR": [
            2.3701925575733185
        ],
        "SRR": [
            7.675503394751281
        ],
        "SI-SDRi": [
            7.075216984376311
        ],
        "SD-SDRi": [
            6.381924073034631
        ],
        "SNRi": [
            9.502014070749283
        ],
        "MIX-SI-SDR": [
            -7.016034126281738
        ],
        "MIX-SD-SDR": [
            -7.0161813904207495
        ],
        "MIX-SNR": [
            -7.131821513175964
        ]
    },
    "non-vocals": {
        "SI-SDR": [
            9.037722945213318
        ],
        "SI-SIR": [
            16.400797367095947
        ],
        "SI-SAR": [
            9.918277859687805
        ],
        "SD-SDR": [
            8.148379381275925
        ],
        "SNR": [
            9.502013921737671
        ],
        "SRR": [
            15.460652328398265
        ],
        "SI-SDRi": [
            1.8850964307785034
        ],
        "SD-SDRi": [
            0.9959067963496864
        ],
        "SNRi": [
            2.3701924085617065
        ],
        "MIX-SI-SDR": [
            7.1526265144348145
        ],
        "MIX-SD-SDR": [
            7.1524725849262385
        ],
        "MIX-SNR": [
            7.131821513175964
        ]
    }
}