{
    "combination": [
        0,
        1
    ],
    "permutation": [
        0,
        1
    ],
    "vocals": {
        "SI-SDR": [
            1.8852651119232178
        ],
        "SI-SIR": [
            7.389819622039795
        ],
        "SI-SAR": [
            3.32125723361969
        ],
        "SD-SDR": [
            0.6453189444350667
        ],
        "SNR": [
            3.9483803510665894
        ],
        "SRR": [
            6.694148539574161
        ],
        "SI-SDRi": [
            5.9594786167144775
        ],
        "SD-SDRi": [
            4.7195302692987555
        ],
        "SNRi": [
            8.030343651771545
        ],
        "MIX-SI-SDR": [
            -4.07421350479126
        ],
        "MIX-SD-SDR": [
            -4.074211324863689
        ],
        "MIX-SNR": [
            -4.081963300704956
        ]
    },
    "non-vocals": {
        "SI-SDR": [
            7.3122864961624146
        ],
        "SI-SIR": [
            12.325561046600342
        ],
        "SI-SAR": [
            8.9570152759552
        ],
        "SD-SDR": [
            6.281070882512486
        ],
        "SNR": [
            8.030343651771545
        ],
        "SRR": [
            13.029825236041326
        ],
        "SI-SDRi": [
            3.2275390625
        ],
        "SD-SDRi": [
            2.196331716053728
        ],
        "SNRi": [
            3.9483800530433655
        ],
        "MIX-SI-SDR": [
            4.0847474336624146
        ],
        "MIX-SD-SDR": [
            4.084739166458758
        ],
        "MIX-SNR": [
            4.08196359872818
        ]
    }
}