{
    "combination": [
        0,
        1
    ],
    "permutation": [
        0,
        1
    ],
    "vocals": {
        "SI-SDR": [
            3.005870282649994
        ],
        "SI-SIR": [
            9.966420531272888
        ],
        "SI-SAR": [
            3.982304334640503
        ],
        "SD-SDR": [
            2.918408968224496
        ],
        "SNR": [
            3.753414750099182
        ],
        "SRR": [
            19.921649180763158
        ],
        "SI-SDRi": [
            11.521303355693817
        ],
        "SD-SDRi": [
            11.433863411407387
        ],
        "SNRi": [
            12.321910858154297
        ],
        "MIX-SI-SDR": [
            -8.515433073043823
        ],
        "MIX-SD-SDR": [
            -8.515454443182891
        ],
        "MIX-SNR": [
            -8.568496108055115
        ]
    },
    "non-vocals": {
        "SI-SDR": [
            12.286877632141113
        ],
        "SI-SIR": [
            28.274927139282227
        ],
        "SI-SAR": [
            12.397668361663818
        ],
        "SD-SDR": [
            11.333772997557668
        ],
        "SNR": [
            12.321912050247192
        ],
        "SRR": [
            18.381171914402618
        ],
        "SI-SDRi": [
            3.711763620376587
        ],
        "SD-SDRi": [
            2.7586805438313338
        ],
        "SNRi": [
            3.7534159421920776
        ],
        "MIX-SI-SDR": [
            8.575114011764526
        ],
        "MIX-SD-SDR": [
            8.575092453726334
        ],
        "MIX-SNR": [
            8.568496108055115
        ]
    }
}