{
    "combination": [
        0,
        1
    ],
    "permutation": [
        0,
        1
    ],
    "vocals": {
        "SI-SDR": [
            -13.611558675765991
        ],
        "SI-SIR": [
            -7.594718933105469
        ],
        "SI-SAR": [
            -12.360914945602417
        ],
        "SD-SDR": [
            -13.793749483094917
        ],
        "SNR": [
            -7.8078460693359375
        ],
        "SRR": [
            0.06953215310632274
        ],
        "SI-SDRi": [
            6.808329820632935
        ],
        "SD-SDRi": [
            6.631364595878896
        ],
        "SNRi": [
            9.919759035110474
        ],
        "MIX-SI-SDR": [
            -20.419888496398926
        ],
        "MIX-SD-SDR": [
            -20.425114078973813
        ],
        "MIX-SNR": [
            -17.72760510444641
        ]
    },
    "non-vocals": {
        "SI-SDR": [
            9.650399088859558
        ],
        "SI-SIR": [
            23.049962520599365
        ],
        "SI-SAR": [
            9.853604435920715
        ],
        "SD-SDR": [
            8.42076564320467
        ],
        "SNR": [
            9.919757843017578
        ],
        "SRR": [
            14.500026385264142
        ],
        "SI-SDRi": [
            -8.042963147163391
        ],
        "SD-SDRi": [
            -9.267367514781702
        ],
        "SNRi": [
            -7.807847261428833
        ],
        "MIX-SI-SDR": [
            17.69336223602295
        ],
        "MIX-SD-SDR": [
            17.68813315798637
        ],
        "MIX-SNR": [
            17.72760510444641
        ]
    }
}