{
    "combination": [
        0,
        1
    ],
    "permutation": [
        0,
        1
    ],
    "vocals": {
        "SI-SDR": [
            4.783982038497925
        ],
        "SI-SIR": [
            12.175495624542236
        ],
        "SI-SAR": [
            5.658174157142639
        ],
        "SD-SDR": [
            4.56669218907938
        ],
        "SNR": [
            5.632815957069397
        ],
        "SRR": [
            17.681620003664197
        ],
        "SI-SDRi": [
            9.354071617126465
        ],
        "SD-SDRi": [
            9.136791252345533
        ],
        "SNRi": [
            10.18717348575592
        ],
        "MIX-SI-SDR": [
            -4.57008957862854
        ],
        "MIX-SD-SDR": [
            -4.570099063266153
        ],
        "MIX-SNR": [
            -4.554357528686523
        ]
    },
    "non-vocals": {
        "SI-SDR": [
            9.815686345100403
        ],
        "SI-SIR": [
            22.120769023895264
        ],
        "SI-SAR": [
            10.078930854797363
        ],
        "SD-SDR": [
            8.98745388191736
        ],
        "SNR": [
            10.187172889709473
        ],
        "SRR": [
            16.58793241877934
        ],
        "SI-SDRi": [
            5.267333686351776
        ],
        "SD-SDRi": [
            4.439101980656405
        ],
        "SNRi": [
            5.632815957069397
        ],
        "MIX-SI-SDR": [
            4.548352658748627
        ],
        "MIX-SD-SDR": [
            4.548351901260956
        ],
        "MIX-SNR": [
            4.554356932640076
        ]
    }
}