{
    "combination": [
        0,
        1
    ],
    "permutation": [
        0,
        1
    ],
    "vocals": {
        "SI-SDR": [
            1.9056156277656555
        ],
        "SI-SIR": [
            10.601000785827637
        ],
        "SI-SAR": [
            2.5356444716453552
        ],
        "SD-SDR": [
            1.073924213944026
        ],
        "SNR": [
            3.8014966249465942
        ],
        "SRR": [
            8.661315039719195
        ],
        "SI-SDRi": [
            10.175538957118988
        ],
        "SD-SDRi": [
            9.34384986824934
        ],
        "SNRi": [
            12.054429650306702
        ],
        "MIX-SI-SDR": [
            -8.269923329353333
        ],
        "MIX-SD-SDR": [
            -8.269925654305315
        ],
        "MIX-SNR": [
            -8.252933025360107
        ]
    },
    "non-vocals": {
        "SI-SDR": [
            11.81154727935791
        ],
        "SI-SIR": [
            18.88962745666504
        ],
        "SI-SAR": [
            12.75879979133606
        ],
        "SD-SDR": [
            11.297075353679277
        ],
        "SNR": [
            12.054429054260254
        ],
        "SRR": [
            20.80888291174576
        ],
        "SI-SDRi": [
            3.561827540397644
        ],
        "SD-SDRi": [
            3.0473584786574186
        ],
        "SNRi": [
            3.8014960289001465
        ],
        "MIX-SI-SDR": [
            8.249719738960266
        ],
        "MIX-SD-SDR": [
            8.249716875021859
        ],
        "MIX-SNR": [
            8.252933025360107
        ]
    }
}