{
    "combination": [
        0,
        1
    ],
    "permutation": [
        0,
        1
    ],
    "vocals": {
        "SI-SDR": [
            2.637987434864044
        ],
        "SI-SIR": [
            10.384953022003174
        ],
        "SI-SAR": [
            3.4367340803146362
        ],
        "SD-SDR": [
            2.2955457856960937
        ],
        "SNR": [
            3.961387872695923
        ],
        "SRR": [
            13.497380606340013
        ],
        "SI-SDRi": [
            8.616625368595123
        ],
        "SD-SDRi": [
            8.27420977516594
        ],
        "SNRi": [
            9.98145341873169
        ],
        "MIX-SI-SDR": [
            -5.978637933731079
        ],
        "MIX-SD-SDR": [
            -5.978663989469845
        ],
        "MIX-SNR": [
            -6.020065546035767
        ]
    },
    "non-vocals": {
        "SI-SDR": [
            9.554564356803894
        ],
        "SI-SIR": [
            19.996873140335083
        ],
        "SI-SAR": [
            9.965658187866211
        ],
        "SD-SDR": [
            8.82447064164094
        ],
        "SNR": [
            9.981454014778137
        ],
        "SRR": [
            16.924831661133684
        ],
        "SI-SDRi": [
            3.524768352508545
        ],
        "SD-SDRi": [
            2.7947072571112512
        ],
        "SNRi": [
            3.961387276649475
        ],
        "MIX-SI-SDR": [
            6.029796004295349
        ],
        "MIX-SD-SDR": [
            6.029763384529688
        ],
        "MIX-SNR": [
            6.020066738128662
        ]
    }
}