{
    "combination": [
        0,
        1
    ],
    "permutation": [
        0,
        1
    ],
    "vocals": {
        "SI-SDR": [
            0.24527540430426598
        ],
        "SI-SIR": [
            9.124893546104431
        ],
        "SI-SAR": [
            0.8472374081611633
        ],
        "SD-SDR": [
            -1.1823937261484918
        ],
        "SNR": [
            2.9352200031280518
        ],
        "SRR": [
            4.343386196366809
        ],
        "SI-SDRi": [
            8.90624275431037
        ],
        "SD-SDRi": [
            7.478583542354423
        ],
        "SNRi": [
            11.57773494720459
        ],
        "MIX-SI-SDR": [
            -8.660967350006104
        ],
        "MIX-SD-SDR": [
            -8.660977268502915
        ],
        "MIX-SNR": [
            -8.642514944076538
        ]
    },
    "non-vocals": {
        "SI-SDR": [
            11.273207664489746
        ],
        "SI-SIR": [
            16.37673258781433
        ],
        "SI-SAR": [
            12.876895666122437
        ],
        "SD-SDR": [
            10.847270038830237
        ],
        "SNR": [
            11.57773494720459
        ],
        "SRR": [
            21.136507085466434
        ],
        "SI-SDRi": [
            2.6337671279907227
        ],
        "SD-SDRi": [
            2.2078293386099155
        ],
        "SNRi": [
            2.9352200031280518
        ],
        "MIX-SI-SDR": [
            8.639440536499023
        ],
        "MIX-SD-SDR": [
            8.639440700220321
        ],
        "MIX-SNR": [
            8.642514944076538
        ]
    }
}