{
    "combination": [
        0,
        1
    ],
    "permutation": [
        0,
        1
    ],
    "vocals": {
        "SI-SDR": [
            1.8447890877723694
        ],
        "SI-SIR": [
            9.015170335769653
        ],
        "SI-SAR": [
            2.7698692679405212
        ],
        "SD-SDR": [
            0.3903429565872574
        ],
        "SNR": [
            3.970063328742981
        ],
        "SRR": [
            5.848059324920454
        ],
        "SI-SDRi": [
            7.161467969417572
        ],
        "SD-SDRi": [
            5.707018018962874
        ],
        "SNRi": [
            9.277706742286682
        ],
        "MIX-SI-SDR": [
            -5.316678881645203
        ],
        "MIX-SD-SDR": [
            -5.316675062375617
        ],
        "MIX-SNR": [
            -5.307643413543701
        ]
    },
    "non-vocals": {
        "SI-SDR": [
            8.73524010181427
        ],
        "SI-SIR": [
            13.554089069366455
        ],
        "SI-SAR": [
            10.472495555877686
        ],
        "SD-SDR": [
            8.092969788679307
        ],
        "SNR": [
            9.277706742286682
        ],
        "SRR": [
            16.704746857144418
        ],
        "SI-SDRi": [
            3.431299328804016
        ],
        "SD-SDRi": [
            2.7890330011328652
        ],
        "SNRi": [
            3.970063328742981
        ],
        "MIX-SI-SDR": [
            5.303940773010254
        ],
        "MIX-SD-SDR": [
            5.303936787546442
        ],
        "MIX-SNR": [
            5.307643413543701
        ]
    }
}