{
    "combination": [
        0,
        1
    ],
    "permutation": [
        0,
        1
    ],
    "vocals": {
        "SI-SDR": [
            -4.457835555076599
        ],
        "SI-SIR": [
            5.776996612548828
        ],
        "SI-SAR": [
            -4.0255871415138245
        ],
        "SD-SDR": [
            -5.8698571314358805
        ],
        "SNR": [
            0.3038300946354866
        ],
        "SRR": [
            -0.30352315230739607
        ],
        "SI-SDRi": [
            10.60716688632965
        ],
        "SD-SDRi": [
            9.195192534237568
        ],
        "SNRi": [
            15.536645837128162
        ],
        "MIX-SI-SDR": [
            -15.06500244140625
        ],
        "MIX-SD-SDR": [
            -15.065049665673449
        ],
        "MIX-SNR": [
            -15.232815742492676
        ]
    },
    "non-vocals": {
        "SI-SDR": [
            15.453752279281616
        ],
        "SI-SIR": [
            20.70197343826294
        ],
        "SI-SAR": [
            16.994458436965942
        ],
        "SD-SDR": [
            15.150185516925864
        ],
        "SNR": [
            15.536646842956543
        ],
        "SRR": [
            26.840218243062356
        ],
        "SI-SDRi": [
            0.21680831909179688
        ],
        "SD-SDRi": [
            -0.08671215840275259
        ],
        "SNRi": [
            0.3038299083709717
        ],
        "MIX-SI-SDR": [
            15.23694396018982
        ],
        "MIX-SD-SDR": [
            15.236897675328617
        ],
        "MIX-SNR": [
            15.232816934585571
        ]
    }
}