{
    "combination": [
        0,
        1
    ],
    "permutation": [
        0,
        1
    ],
    "vocals": {
        "SI-SDR": [
            2.688750922679901
        ],
        "SI-SIR": [
            9.779348373413086
        ],
        "SI-SAR": [
            3.632989525794983
        ],
        "SD-SDR": [
            2.2597066425063113
        ],
        "SNR": [
            4.103298783302307
        ],
        "SRR": [
            12.524894849525786
        ],
        "SI-SDRi": [
            8.032502830028534
        ],
        "SD-SDRi": [
            7.60345762872317
        ],
        "SNRi": [
            9.437270760536194
        ],
        "MIX-SI-SDR": [
            -5.343751907348633
        ],
        "MIX-SD-SDR": [
            -5.343750986216859
        ],
        "MIX-SNR": [
            -5.333971977233887
        ]
    },
    "non-vocals": {
        "SI-SDR": [
            8.953613638877869
        ],
        "SI-SIR": [
            18.37931513786316
        ],
        "SI-SAR": [
            9.47993814945221
        ],
        "SD-SDR": [
            8.106657891090983
        ],
        "SNR": [
            9.437270760536194
        ],
        "SRR": [
            15.621453646121271
        ],
        "SI-SDRi": [
            3.622746467590332
        ],
        "SD-SDRi": [
            2.775788046358665
        ],
        "SNRi": [
            4.103298187255859
        ],
        "MIX-SI-SDR": [
            5.330867171287537
        ],
        "MIX-SD-SDR": [
            5.330869844732318
        ],
        "MIX-SNR": [
            5.3339725732803345
        ]
    }
}