{
    "combination": [
        0,
        1
    ],
    "permutation": [
        0,
        1
    ],
    "vocals": {
        "SI-SDR": [
            -4.620195925235748
        ],
        "SI-SIR": [
            0.8277007192373276
        ],
        "SI-SAR": [
            -3.1618160009384155
        ],
        "SD-SDR": [
            -5.2051138633833265
        ],
        "SNR": [
            -0.8746104687452316
        ],
        "SRR": [
            3.790492020886429
        ],
        "SI-SDRi": [
            4.914366900920868
        ],
        "SD-SDRi": [
            4.3294669085983415
        ],
        "SNRi": [
            8.607520535588264
        ],
        "MIX-SI-SDR": [
            -9.534562826156616
        ],
        "MIX-SD-SDR": [
            -9.534580771981668
        ],
        "MIX-SNR": [
            -9.482131004333496
        ]
    },
    "non-vocals": {
        "SI-SDR": [
            8.073400855064392
        ],
        "SI-SIR": [
            15.8445405960083
        ],
        "SI-SAR": [
            8.867254257202148
        ],
        "SD-SDR": [
            6.823956814522351
        ],
        "SNR": [
            8.607520461082458
        ],
        "SRR": [
            12.843477539342736
        ],
        "SI-SDRi": [
            -1.4025849103927612
        ],
        "SD-SDRi": [
            -2.6520075167735833
        ],
        "SNRi": [
            -0.8746105432510376
        ],
        "MIX-SI-SDR": [
            9.475985765457153
        ],
        "MIX-SD-SDR": [
            9.475964331295934
        ],
        "MIX-SNR": [
            9.482131004333496
        ]
    }
}