{
    "combination": [
        0,
        1
    ],
    "permutation": [
        0,
        1
    ],
    "vocals": {
        "SI-SDR": [
            5.192556977272034
        ],
        "SI-SIR": [
            13.568681478500366
        ],
        "SI-SAR": [
            5.8746254444122314
        ],
        "SD-SDR": [
            4.455740839155389
        ],
        "SNR": [
            6.299687623977661
        ],
        "SRR": [
            12.52304055162676
        ],
        "SI-SDRi": [
            10.501793026924133
        ],
        "SD-SDRi": [
            9.764977246917754
        ],
        "SNRi": [
            11.604248285293579
        ],
        "MIX-SI-SDR": [
            -5.3092360496521
        ],
        "MIX-SD-SDR": [
            -5.309236407762365
        ],
        "MIX-SNR": [
            -5.304560661315918
        ]
    },
    "non-vocals": {
        "SI-SDR": [
            11.333321332931519
        ],
        "SI-SIR": [
            18.83421301841736
        ],
        "SI-SAR": [
            12.183489799499512
        ],
        "SD-SDR": [
            10.764599453446662
        ],
        "SNR": [
            11.604247093200684
        ],
        "SRR": [
            19.87113919134467
        ],
        "SI-SDRi": [
            6.030504107475281
        ],
        "SD-SDRi": [
            5.461784717294251
        ],
        "SNRi": [
            6.299686431884766
        ],
        "MIX-SI-SDR": [
            5.302817225456238
        ],
        "MIX-SD-SDR": [
            5.302814736152411
        ],
        "MIX-SNR": [
            5.304560661315918
        ]
    }
}