{
    "combination": [
        0,
        1
    ],
    "permutation": [
        0,
        1
    ],
    "vocals": {
        "SI-SDR": [
            3.174465596675873
        ],
        "SI-SIR": [
            11.679577827453613
        ],
        "SI-SAR": [
            3.8349753618240356
        ],
        "SD-SDR": [
            2.9415325834930837
        ],
        "SNR": [
            4.252207577228546
        ],
        "SRR": [
            15.762809225655495
        ],
        "SI-SDRi": [
            14.081878364086151
        ],
        "SD-SDRi": [
            13.848942185778519
        ],
        "SNRi": [
            15.146755278110504
        ],
        "MIX-SI-SDR": [
            -10.907412767410278
        ],
        "MIX-SD-SDR": [
            -10.907409602285435
        ],
        "MIX-SNR": [
            -10.894547700881958
        ]
    },
    "non-vocals": {
        "SI-SDR": [
            15.196119546890259
        ],
        "SI-SIR": [
            27.399592399597168
        ],
        "SI-SAR": [
            15.46580195426941
        ],
        "SD-SDR": [
            14.572355931179644
        ],
        "SNR": [
            15.14675498008728
        ],
        "SRR": [
            23.303229718018965
        ],
        "SI-SDRi": [
            4.302936792373657
        ],
        "SD-SDRi": [
            3.679173563569586
        ],
        "SNRi": [
            4.252207279205322
        ],
        "MIX-SI-SDR": [
            10.893182754516602
        ],
        "MIX-SD-SDR": [
            10.893182367610057
        ],
        "MIX-SNR": [
            10.894547700881958
        ]
    }
}