{
    "combination": [
        0,
        1
    ],
    "permutation": [
        0,
        1
    ],
    "vocals": {
        "SI-SDR": [
            1.4325180649757385
        ],
        "SI-SIR": [
            14.266390800476074
        ],
        "SI-SAR": [
            1.6648004949092865
        ],
        "SD-SDR": [
            1.231940833136712
        ],
        "SNR": [
            2.7017661929130554
        ],
        "SRR": [
            14.68569771887953
        ],
        "SI-SDRi": [
            13.439516127109528
        ],
        "SD-SDRi": [
            13.238943715361815
        ],
        "SNRi": [
            14.731055200099945
        ],
        "MIX-SI-SDR": [
            -12.006998062133789
        ],
        "MIX-SD-SDR": [
            -12.007002882225104
        ],
        "MIX-SNR": [
            -12.02928900718689
        ]
    },
    "non-vocals": {
        "SI-SDR": [
            14.588596820831299
        ],
        "SI-SIR": [
            27.816448211669922
        ],
        "SI-SAR": [
            14.800208806991577
        ],
        "SD-SDR": [
            14.367344853464958
        ],
        "SNR": [
            14.731054306030273
        ],
        "SRR": [
            27.37870508181394
        ],
        "SI-SDRi": [
            2.559177875518799
        ],
        "SD-SDRi": [
            2.337923311131421
        ],
        "SNRi": [
            2.701765298843384
        ],
        "MIX-SI-SDR": [
            12.0294189453125
        ],
        "MIX-SD-SDR": [
            12.029421542333537
        ],
        "MIX-SNR": [
            12.02928900718689
        ]
    }
}