{
    "combination": [
        0,
        1
    ],
    "permutation": [
        0,
        1
    ],
    "vocals": {
        "SI-SDR": [
            0.7518799602985382
        ],
        "SI-SIR": [
            9.89580512046814
        ],
        "SI-SAR": [
            1.315886378288269
        ],
        "SD-SDR": [
            -1.976588942130232
        ],
        "SNR": [
            3.402112126350403
        ],
        "SRR": [
            1.3350474788878515
        ],
        "SI-SDRi": [
            4.967378526926041
        ],
        "SD-SDRi": [
            2.238975689950487
        ],
        "SNRi": [
            7.5634366273880005
        ],
        "MIX-SI-SDR": [
            -4.215498566627502
        ],
        "MIX-SD-SDR": [
            -4.215564632080719
        ],
        "MIX-SNR": [
            -4.161324501037598
        ]
    },
    "non-vocals": {
        "SI-SDR": [
            6.870145201683044
        ],
        "SI-SIR": [
            9.896374940872192
        ],
        "SI-SAR": [
            9.864586591720581
        ],
        "SD-SDR": [
            6.572107014182369
        ],
        "SNR": [
            7.563436031341553
        ],
        "SRR": [
            18.351551548018495
        ],
        "SI-SDRi": [
            2.7299517393112183
        ],
        "SD-SDRi": [
            2.4319804925196866
        ],
        "SNRi": [
            3.402111530303955
        ],
        "MIX-SI-SDR": [
            4.140193462371826
        ],
        "MIX-SD-SDR": [
            4.140126521662682
        ],
        "MIX-SNR": [
            4.161324501037598
        ]
    }
}