{
    "combination": [
        0,
        1
    ],
    "permutation": [
        0,
        1
    ],
    "vocals": {
        "SI-SDR": [
            1.2253890931606293
        ],
        "SI-SIR": [
            11.773180961608887
        ],
        "SI-SAR": [
            1.6261561214923859
        ],
        "SD-SDR": [
            -0.11568624694220819
        ],
        "SNR": [
            3.534521758556366
        ],
        "SRR": [
            5.641007662188526
        ],
        "SI-SDRi": [
            7.670981138944626
        ],
        "SD-SDRi": [
            6.329910266842554
        ],
        "SNRi": [
            9.992482960224152
        ],
        "MIX-SI-SDR": [
            -6.445592045783997
        ],
        "MIX-SD-SDR": [
            -6.445596513784762
        ],
        "MIX-SNR": [
            -6.457961201667786
        ]
    },
    "non-vocals": {
        "SI-SDR": [
            9.553233981132507
        ],
        "SI-SIR": [
            15.017095804214478
        ],
        "SI-SAR": [
            11.005229949951172
        ],
        "SD-SDR": [
            9.263414199881353
        ],
        "SNR": [
            9.99248206615448
        ],
        "SRR": [
            21.153843389062445
        ],
        "SI-SDRi": [
            3.0933475494384766
        ],
        "SD-SDRi": [
            2.803528644631516
        ],
        "SNRi": [
            3.5345232486724854
        ],
        "MIX-SI-SDR": [
            6.459886431694031
        ],
        "MIX-SD-SDR": [
            6.459885555249837
        ],
        "MIX-SNR": [
            6.457958817481995
        ]
    }
}