{
    "combination": [
        0,
        1
    ],
    "permutation": [
        0,
        1
    ],
    "vocals": {
        "SI-SDR": [
            -1.6452284157276154
        ],
        "SI-SIR": [
            11.398437023162842
        ],
        "SI-SAR": [
            -1.4242254197597504
        ],
        "SD-SDR": [
            -4.804368910655482
        ],
        "SNR": [
            2.239287793636322
        ],
        "SRR": [
            -1.9382116758739911
        ],
        "SI-SDRi": [
            8.121209591627121
        ],
        "SD-SDRi": [
            4.962069614651815
        ],
        "SNRi": [
            12.02528029680252
        ],
        "MIX-SI-SDR": [
            -9.766438007354736
        ],
        "MIX-SD-SDR": [
            -9.766438525307297
        ],
        "MIX-SNR": [
            -9.785992503166199
        ]
    },
    "non-vocals": {
        "SI-SDR": [
            11.787246465682983
        ],
        "SI-SIR": [
            14.547539949417114
        ],
        "SI-SAR": [
            15.062745809555054
        ],
        "SD-SDR": [
            11.682593623996405
        ],
        "SNR": [
            12.025279998779297
        ],
        "SRR": [
            27.906442878084498
        ],
        "SI-SDRi": [
            1.9995534420013428
        ],
        "SD-SDRi": [
            1.8949025712341498
        ],
        "SNRi": [
            2.2392868995666504
        ],
        "MIX-SI-SDR": [
            9.78769302368164
        ],
        "MIX-SD-SDR": [
            9.787691052762256
        ],
        "MIX-SNR": [
            9.785993099212646
        ]
    }
}