{
    "combination": [
        0,
        1
    ],
    "permutation": [
        0,
        1
    ],
    "vocals": {
        "SI-SDR": [
            -1.2321652472019196
        ],
        "SI-SIR": [
            3.883756399154663
        ],
        "SI-SAR": [
            0.3661402687430382
        ],
        "SD-SDR": [
            -2.0232290549791228
        ],
        "SNR": [
            1.5856800973415375
        ],
        "SRR": [
            5.761924316671195
        ],
        "SI-SDRi": [
            5.929438918828964
        ],
        "SD-SDRi": [
            5.138403752241048
        ],
        "SNRi": [
            8.69691714644432
        ],
        "MIX-SI-SDR": [
            -7.161604166030884
        ],
        "MIX-SD-SDR": [
            -7.161632807220171
        ],
        "MIX-SNR": [
            -7.111237049102783
        ]
    },
    "non-vocals": {
        "SI-SDR": [
            8.196895122528076
        ],
        "SI-SIR": [
            14.715652465820312
        ],
        "SI-SAR": [
            9.2921781539917
        ],
        "SD-SDR": [
            6.902810030133813
        ],
        "SNR": [
            8.696917295455933
        ],
        "SRR": [
            12.786829042744788
        ],
        "SI-SDRi": [
            1.0969197750091553
        ],
        "SD-SDRi": [
            -0.19712354835907764
        ],
        "SNRi": [
            1.5856802463531494
        ],
        "MIX-SI-SDR": [
            7.099975347518921
        ],
        "MIX-SD-SDR": [
            7.099933578492891
        ],
        "MIX-SNR": [
            7.111237049102783
        ]
    }
}