{
    "combination": [
        0,
        1
    ],
    "permutation": [
        0,
        1
    ],
    "vocals": {
        "SI-SDR": [
            0.06733485031872988
        ],
        "SI-SIR": [
            5.515551567077637
        ],
        "SI-SAR": [
            1.525619924068451
        ],
        "SD-SDR": [
            -0.7194426462957471
        ],
        "SNR": [
            2.46115505695343
        ],
        "SRR": [
            7.087338628893383
        ],
        "SI-SDRi": [
            5.973692019470036
        ],
        "SD-SDRi": [
            5.186914006155574
        ],
        "SNRi": [
            8.351227641105652
        ],
        "MIX-SI-SDR": [
            -5.906357169151306
        ],
        "MIX-SD-SDR": [
            -5.906356652451321
        ],
        "MIX-SNR": [
            -5.890072584152222
        ]
    },
    "non-vocals": {
        "SI-SDR": [
            7.738164067268372
        ],
        "SI-SIR": [
            14.372467994689941
        ],
        "SI-SAR": [
            8.80084753036499
        ],
        "SD-SDR": [
            6.555789348118122
        ],
        "SNR": [
            8.351227641105652
        ],
        "SRR": [
            12.779699052888986
        ],
        "SI-SDRi": [
            1.8530958890914917
        ],
        "SD-SDRi": [
            0.6707281796915012
        ],
        "SNRi": [
            2.46115505695343
        ],
        "MIX-SI-SDR": [
            5.88506817817688
        ],
        "MIX-SD-SDR": [
            5.8850611684266205
        ],
        "MIX-SNR": [
            5.890072584152222
        ]
    }
}