{
    "combination": [
        0,
        1
    ],
    "permutation": [
        0,
        1
    ],
    "vocals": {
        "SI-SDR": [
            2.093736082315445
        ],
        "SI-SIR": [
            6.939136385917664
        ],
        "SI-SAR": [
            3.818007707595825
        ],
        "SD-SDR": [
            1.4261171289436212
        ],
        "SNR": [
            3.8399142026901245
        ],
        "SRR": [
            9.887440814950594
        ],
        "SI-SDRi": [
            5.315752774477005
        ],
        "SD-SDRi": [
            4.648130510388536
        ],
        "SNRi": [
            7.0544251799583435
        ],
        "MIX-SI-SDR": [
            -3.22201669216156
        ],
        "MIX-SD-SDR": [
            -3.222013381444915
        ],
        "MIX-SNR": [
            -3.214510977268219
        ]
    },
    "non-vocals": {
        "SI-SDR": [
            6.156745553016663
        ],
        "SI-SIR": [
            13.191914558410645
        ],
        "SI-SAR": [
            7.11454451084137
        ],
        "SD-SDR": [
            4.722647359619101
        ],
        "SNR": [
            7.05442488193512
        ],
        "SRR": [
            10.23058832699817
        ],
        "SI-SDRi": [
            2.9462486505508423
        ],
        "SD-SDRi": [
            1.512153260156106
        ],
        "SNRi": [
            3.8399139046669006
        ],
        "MIX-SI-SDR": [
            3.2104969024658203
        ],
        "MIX-SD-SDR": [
            3.210494099462995
        ],
        "MIX-SNR": [
            3.214510977268219
        ]
    }
}