{
    "combination": [
        0,
        1
    ],
    "permutation": [
        0,
        1
    ],
    "vocals": {
        "SI-SDR": [
            1.7940160632133484
        ],
        "SI-SIR": [
            9.569767117500305
        ],
        "SI-SAR": [
            2.586970627307892
        ],
        "SD-SDR": [
            1.5848912002232394
        ],
        "SNR": [
            3.0274301767349243
        ],
        "SRR": [
            14.862485541581966
        ],
        "SI-SDRi": [
            10.568654835224152
        ],
        "SD-SDRi": [
            10.359526780942003
        ],
        "SNRi": [
            11.786107420921326
        ],
        "MIX-SI-SDR": [
            -8.774638772010803
        ],
        "MIX-SD-SDR": [
            -8.774635580718764
        ],
        "MIX-SNR": [
            -8.758677244186401
        ]
    },
    "non-vocals": {
        "SI-SDR": [
            11.5966796875
        ],
        "SI-SIR": [
            24.132308959960938
        ],
        "SI-SAR": [
            11.845920085906982
        ],
        "SD-SDR": [
            10.84383838367225
        ],
        "SNR": [
            11.786108016967773
        ],
        "SRR": [
            18.817388666529567
        ],
        "SI-SDRi": [
            2.841445207595825
        ],
        "SD-SDRi": [
            2.0886019099058117
        ],
        "SNRi": [
            3.0274295806884766
        ],
        "MIX-SI-SDR": [
            8.755234479904175
        ],
        "MIX-SD-SDR": [
            8.755236473766438
        ],
        "MIX-SNR": [
            8.758678436279297
        ]
    }
}