{
    "combination": [
        0,
        1
    ],
    "permutation": [
        0,
        1
    ],
    "vocals": {
        "SI-SDR": [
            8.751121163368225
        ],
        "SI-SIR": [
            16.130372285842896
        ],
        "SI-SAR": [
            9.628047943115234
        ],
        "SD-SDR": [
            8.487715087000158
        ],
        "SNR": [
            9.247035384178162
        ],
        "SRR": [
            20.785360162535017
        ],
        "SI-SDRi": [
            8.112399578094482
        ],
        "SD-SDRi": [
            7.848995113718237
        ],
        "SNRi": [
            8.596295490860939
        ],
        "MIX-SI-SDR": [
            0.6387215852737427
        ],
        "MIX-SD-SDR": [
            0.6387199732819208
        ],
        "MIX-SNR": [
            0.6507398933172226
        ]
    },
    "non-vocals": {
        "SI-SDR": [
            7.961327433586121
        ],
        "SI-SIR": [
            19.464324712753296
        ],
        "SI-SAR": [
            8.279972076416016
        ],
        "SD-SDR": [
            7.139639970447669
        ],
        "SNR": [
            8.596296310424805
        ],
        "SRR": [
            14.77063967124348
        ],
        "SI-SDRi": [
            8.62660638988018
        ],
        "SD-SDRi": [
            7.80493204683686
        ],
        "SNRi": [
            9.247036054730415
        ],
        "MIX-SI-SDR": [
            -0.6652789562940598
        ],
        "MIX-SD-SDR": [
            -0.6652920763891907
        ],
        "MIX-SNR": [
            -0.6507397443056107
        ]
    }
}