{
    "combination": [
        0,
        1
    ],
    "permutation": [
        0,
        1
    ],
    "vocals": {
        "SI-SDR": [
            3.7980151176452637
        ],
        "SI-SIR": [
            12.654001712799072
        ],
        "SI-SAR": [
            4.403499960899353
        ],
        "SD-SDR": [
            2.2829239290549665
        ],
        "SNR": [
            5.312154293060303
        ],
        "SRR": [
            7.591050573024836
        ],
        "SI-SDRi": [
            6.86618834733963
        ],
        "SD-SDRi": [
            5.351107319807428
        ],
        "SNRi": [
            8.36555302143097
        ],
        "MIX-SI-SDR": [
            -3.0681732296943665
        ],
        "MIX-SD-SDR": [
            -3.068183390752462
        ],
        "MIX-SNR": [
            -3.0533987283706665
        ]
    },
    "non-vocals": {
        "SI-SDR": [
            7.715184688568115
        ],
        "SI-SIR": [
            12.609778642654419
        ],
        "SI-SAR": [
            9.415655136108398
        ],
        "SD-SDR": [
            7.2950803250784295
        ],
        "SNR": [
            8.365552425384521
        ],
        "SRR": [
            17.644046736699256
        ],
        "SI-SDRi": [
            4.669768214225769
        ],
        "SD-SDRi": [
            4.249672943886056
        ],
        "SNRi": [
            5.312153995037079
        ],
        "MIX-SI-SDR": [
            3.045416474342346
        ],
        "MIX-SD-SDR": [
            3.045407381192374
        ],
        "MIX-SNR": [
            3.0533984303474426
        ]
    }
}