{
    "combination": [
        0,
        1
    ],
    "permutation": [
        0,
        1
    ],
    "vocals": {
        "SI-SDR": [
            1.4363294839859009
        ],
        "SI-SIR": [
            12.957580089569092
        ],
        "SI-SAR": [
            1.7535938322544098
        ],
        "SD-SDR": [
            0.41754545009365884
        ],
        "SNR": [
            3.5595139861106873
        ],
        "SRR": [
            7.2139604311022385
        ],
        "SI-SDRi": [
            11.982436776161194
        ],
        "SD-SDRi": [
            10.963655315190621
        ],
        "SNRi": [
            14.102536141872406
        ],
        "MIX-SI-SDR": [
            -10.546107292175293
        ],
        "MIX-SD-SDR": [
            -10.546109865096962
        ],
        "MIX-SNR": [
            -10.543022155761719
        ]
    },
    "non-vocals": {
        "SI-SDR": [
            13.936026096343994
        ],
        "SI-SIR": [
            20.483789443969727
        ],
        "SI-SAR": [
            15.022987127304077
        ],
        "SD-SDR": [
            13.686941471424115
        ],
        "SNR": [
            14.10253643989563
        ],
        "SRR": [
            26.19425450799436
        ],
        "SI-SDRi": [
            3.3948099613189697
        ],
        "SD-SDRi": [
            3.145722201591308
        ],
        "SNRi": [
            3.559514284133911
        ],
        "MIX-SI-SDR": [
            10.541216135025024
        ],
        "MIX-SD-SDR": [
            10.541219269832807
        ],
        "MIX-SNR": [
            10.543022155761719
        ]
    }
}