{
    "combination": [
        0,
        1
    ],
    "permutation": [
        0,
        1
    ],
    "vocals": {
        "SI-SDR": [
            2.6730483770370483
        ],
        "SI-SIR": [
            9.597299098968506
        ],
        "SI-SAR": [
            3.6586859822273254
        ],
        "SD-SDR": [
            2.0961706900831345
        ],
        "SNR": [
            4.220671057701111
        ],
        "SRR": [
            11.147259023837453
        ],
        "SI-SDRi": [
            8.728440999984741
        ],
        "SD-SDRi": [
            8.151568648618566
        ],
        "SNRi": [
            10.249392986297607
        ],
        "MIX-SI-SDR": [
            -6.055392622947693
        ],
        "MIX-SD-SDR": [
            -6.055397958535432
        ],
        "MIX-SNR": [
            -6.028721928596497
        ]
    },
    "non-vocals": {
        "SI-SDR": [
            9.894012212753296
        ],
        "SI-SIR": [
            18.109411001205444
        ],
        "SI-SAR": [
            10.603992938995361
        ],
        "SD-SDR": [
            9.04147627780202
        ],
        "SNR": [
            10.249392986297607
        ],
        "SRR": [
            16.524589938648486
        ],
        "SI-SDRi": [
            3.87309193611145
        ],
        "SD-SDRi": [
            3.0205672186650716
        ],
        "SNRi": [
            4.220671653747559
        ],
        "MIX-SI-SDR": [
            6.020920276641846
        ],
        "MIX-SD-SDR": [
            6.020909059136949
        ],
        "MIX-SNR": [
            6.028721332550049
        ]
    }
}