{
    "combination": [
        0,
        1
    ],
    "permutation": [
        0,
        1
    ],
    "vocals": {
        "SI-SDR": [
            3.618910014629364
        ],
        "SI-SIR": [
            10.489314794540405
        ],
        "SI-SAR": [
            4.618280529975891
        ],
        "SD-SDR": [
            2.967297073272367
        ],
        "SNR": [
            5.010834336280823
        ],
        "SRR": [
            11.526842810371116
        ],
        "SI-SDRi": [
            5.362802892923355
        ],
        "SD-SDRi": [
            4.711195573731425
        ],
        "SNRi": [
            6.769325435161591
        ],
        "MIX-SI-SDR": [
            -1.743892878293991
        ],
        "MIX-SD-SDR": [
            -1.7438985004590581
        ],
        "MIX-SNR": [
            -1.7584910988807678
        ]
    },
    "non-vocals": {
        "SI-SDR": [
            5.753008723258972
        ],
        "SI-SIR": [
            13.455920219421387
        ],
        "SI-SAR": [
            6.560715436935425
        ],
        "SD-SDR": [
            4.909728237906975
        ],
        "SNR": [
            6.769325137138367
        ],
        "SRR": [
            12.441529064916194
        ],
        "SI-SDRi": [
            3.984927088022232
        ],
        "SD-SDRi": [
            3.141652195955781
        ],
        "SNRi": [
            5.010834038257599
        ],
        "MIX-SI-SDR": [
            1.7680816352367401
        ],
        "MIX-SD-SDR": [
            1.768076041951194
        ],
        "MIX-SNR": [
            1.7584910988807678
        ]
    }
}