{
    "combination": [
        0,
        1
    ],
    "permutation": [
        0,
        1
    ],
    "vocals": {
        "SI-SDR": [
            0.793241336941719
        ],
        "SI-SIR": [
            9.950631856918335
        ],
        "SI-SAR": [
            1.3553784787654877
        ],
        "SD-SDR": [
            0.025233330503749762
        ],
        "SNR": [
            2.9567229747772217
        ],
        "SRR": [
            7.927588990716462
        ],
        "SI-SDRi": [
            10.500673726201057
        ],
        "SD-SDRi": [
            9.73267443980242
        ],
        "SNRi": [
            12.679829597473145
        ],
        "MIX-SI-SDR": [
            -9.707432389259338
        ],
        "MIX-SD-SDR": [
            -9.707441109298669
        ],
        "MIX-SNR": [
            -9.723106622695923
        ]
    },
    "non-vocals": {
        "SI-SDR": [
            12.475554943084717
        ],
        "SI-SIR": [
            19.90882396697998
        ],
        "SI-SAR": [
            13.340506553649902
        ],
        "SD-SDR": [
            12.010367410032048
        ],
        "SNR": [
            12.679829597473145
        ],
        "SRR": [
            21.924884166469212
        ],
        "SI-SDRi": [
            2.752476930618286
        ],
        "SD-SDRi": [
            2.287291489483037
        ],
        "SNRi": [
            2.956724166870117
        ],
        "MIX-SI-SDR": [
            9.72307801246643
        ],
        "MIX-SD-SDR": [
            9.723075920549011
        ],
        "MIX-SNR": [
            9.723105430603027
        ]
    }
}