{
    "combination": [
        0,
        1
    ],
    "permutation": [
        0,
        1
    ],
    "vocals": {
        "SI-SDR": [
            2.551686465740204
        ],
        "SI-SIR": [
            6.698853969573975
        ],
        "SI-SAR": [
            4.661449491977692
        ],
        "SD-SDR": [
            1.7492702020772333
        ],
        "SNR": [
            4.264189302921295
        ],
        "SRR": [
            9.478026886780066
        ],
        "SI-SDRi": [
            4.020469933748245
        ],
        "SD-SDRi": [
            3.218105344242704
        ],
        "SNRi": [
            5.766697824001312
        ],
        "MIX-SI-SDR": [
            -1.4687834680080414
        ],
        "MIX-SD-SDR": [
            -1.4688351421654708
        ],
        "MIX-SNR": [
            -1.502508521080017
        ]
    },
    "non-vocals": {
        "SI-SDR": [
            4.446876347064972
        ],
        "SI-SIR": [
            10.472358465194702
        ],
        "SI-SAR": [
            5.694630146026611
        ],
        "SD-SDR": [
            2.782458261963236
        ],
        "SNR": [
            5.766698718070984
        ],
        "SRR": [
            7.744810518654801
        ],
        "SI-SDRi": [
            2.9231227934360504
        ],
        "SD-SDRi": [
            1.2587469263921736
        ],
        "SNRi": [
            4.264190047979355
        ],
        "MIX-SI-SDR": [
            1.5237535536289215
        ],
        "MIX-SD-SDR": [
            1.5237113355710625
        ],
        "MIX-SNR": [
            1.502508670091629
        ]
    }
}