{
    "combination": [
        0,
        1
    ],
    "permutation": [
        0,
        1
    ],
    "vocals": {
        "SI-SDR": [
            1.1937204748392105
        ],
        "SI-SIR": [
            5.7407379150390625
        ],
        "SI-SAR": [
            3.070724308490753
        ],
        "SD-SDR": [
            0.6316946476263476
        ],
        "SNR": [
            3.069469630718231
        ],
        "SRR": [
            9.789037351382422
        ],
        "SI-SDRi": [
            4.741715267300606
        ],
        "SD-SDRi": [
            4.1798420367899745
        ],
        "SNRi": [
            6.695677936077118
        ],
        "MIX-SI-SDR": [
            -3.5479947924613953
        ],
        "MIX-SD-SDR": [
            -3.5481473891636273
        ],
        "MIX-SNR": [
            -3.6262083053588867
        ]
    },
    "non-vocals": {
        "SI-SDR": [
            5.713127255439758
        ],
        "SI-SIR": [
            13.203096389770508
        ],
        "SI-SAR": [
            6.565670967102051
        ],
        "SD-SDR": [
            4.126647948095275
        ],
        "SNR": [
            6.695678234100342
        ],
        "SRR": [
            9.26474941669627
        ],
        "SI-SDRi": [
            2.0540231466293335
        ],
        "SD-SDRi": [
            0.4677242192846678
        ],
        "SNRi": [
            3.069469630718231
        ],
        "MIX-SI-SDR": [
            3.659104108810425
        ],
        "MIX-SD-SDR": [
            3.6589237288106076
        ],
        "MIX-SNR": [
            3.6262086033821106
        ]
    }
}