{
    "combination": [
        0,
        1
    ],
    "permutation": [
        0,
        1
    ],
    "vocals": {
        "SI-SDR": [
            -17.16418147087097
        ],
        "SI-SIR": [
            -6.448742151260376
        ],
        "SI-SAR": [
            -16.779297590255737
        ],
        "SD-SDR": [
            -17.37193859177694
        ],
        "SNR": [
            -9.082290530204773
        ],
        "SRR": [
            -4.066438302772993
        ],
        "SI-SDRi": [
            8.203693628311157
        ],
        "SD-SDRi": [
            7.9960015295824185
        ],
        "SNRi": [
            16.974685788154602
        ],
        "MIX-SI-SDR": [
            -25.36787509918213
        ],
        "MIX-SD-SDR": [
            -25.367940121359357
        ],
        "MIX-SNR": [
            -26.056976318359375
        ]
    },
    "non-vocals": {
        "SI-SDR": [
            16.981027126312256
        ],
        "SI-SIR": [
            29.875478744506836
        ],
        "SI-SAR": [
            17.209948301315308
        ],
        "SD-SDR": [
            16.617299611169773
        ],
        "SNR": [
            16.97468638420105
        ],
        "SRR": [
            27.534210553932844
        ],
        "SI-SDRi": [
            -9.0763258934021
        ],
        "SD-SDRi": [
            -9.440025643033632
        ],
        "SNRi": [
            -9.082289934158325
        ],
        "MIX-SI-SDR": [
            26.057353019714355
        ],
        "MIX-SD-SDR": [
            26.057325254203406
        ],
        "MIX-SNR": [
            26.056976318359375
        ]
    }
}