{
    "combination": [
        0,
        1
    ],
    "permutation": [
        0,
        1
    ],
    "vocals": {
        "SI-SDR": [
            3.370198607444763
        ],
        "SI-SIR": [
            10.557864904403687
        ],
        "SI-SAR": [
            4.291185140609741
        ],
        "SD-SDR": [
            2.9733005440152303
        ],
        "SNR": [
            4.628154635429382
        ],
        "SRR": [
            13.560531975051116
        ],
        "SI-SDRi": [
            11.30030870437622
        ],
        "SD-SDRi": [
            10.903410768051192
        ],
        "SNRi": [
            12.538498640060425
        ],
        "MIX-SI-SDR": [
            -7.9301100969314575
        ],
        "MIX-SD-SDR": [
            -7.930110224035961
        ],
        "MIX-SNR": [
            -7.9103440046310425
        ]
    },
    "non-vocals": {
        "SI-SDR": [
            12.469303607940674
        ],
        "SI-SIR": [
            22.2348952293396
        ],
        "SI-SAR": [
            12.953708171844482
        ],
        "SD-SDR": [
            11.635826448037717
        ],
        "SNR": [
            12.538498640060425
        ],
        "SRR": [
            19.210440401530782
        ],
        "SI-SDRi": [
            4.562767744064331
        ],
        "SD-SDRi": [
            3.729303974822522
        ],
        "SNRi": [
            4.628154039382935
        ],
        "MIX-SI-SDR": [
            7.906535863876343
        ],
        "MIX-SD-SDR": [
            7.906522473215195
        ],
        "MIX-SNR": [
            7.91034460067749
        ]
    }
}