{
    "combination": [
        0,
        1
    ],
    "permutation": [
        0,
        1
    ],
    "vocals": {
        "SI-SDR": [
            0.23004893213510513
        ],
        "SI-SIR": [
            3.5275307297706604
        ],
        "SI-SAR": [
            2.9709917306900024
        ],
        "SD-SDR": [
            -0.22792006452320734
        ],
        "SNR": [
            2.2149109840393066
        ],
        "SRR": [
            9.768394791778888
        ],
        "SI-SDRi": [
            3.6646518483757973
        ],
        "SD-SDRi": [
            3.206687801758974
        ],
        "SNRi": [
            5.637979507446289
        ],
        "MIX-SI-SDR": [
            -3.434602916240692
        ],
        "MIX-SD-SDR": [
            -3.4346078662821813
        ],
        "MIX-SNR": [
            -3.4230685234069824
        ]
    },
    "non-vocals": {
        "SI-SDR": [
            4.415668249130249
        ],
        "SI-SIR": [
            12.050738334655762
        ],
        "SI-SAR": [
            5.237357020378113
        ],
        "SD-SDR": [
            2.0384357959044213
        ],
        "SNR": [
            5.637979507446289
        ],
        "SRR": [
            5.789499917773069
        ],
        "SI-SDRi": [
            0.9983363747596741
        ],
        "SD-SDRi": [
            -1.378884516667156
        ],
        "SNRi": [
            2.214910089969635
        ],
        "MIX-SI-SDR": [
            3.417331874370575
        ],
        "MIX-SD-SDR": [
            3.417320312571577
        ],
        "MIX-SNR": [
            3.423069417476654
        ]
    }
}