{
    "combination": [
        0,
        1
    ],
    "permutation": [
        0,
        1
    ],
    "vocals": {
        "SI-SDR": [
            2.0938293635845184
        ],
        "SI-SIR": [
            7.775367498397827
        ],
        "SI-SAR": [
            3.4623733162879944
        ],
        "SD-SDR": [
            1.4996641815005924
        ],
        "SNR": [
            3.7844908237457275
        ],
        "SRR": [
            10.431779469275329
        ],
        "SI-SDRi": [
            5.1707760989665985
        ],
        "SD-SDRi": [
            4.576615182691011
        ],
        "SNRi": [
            6.857323944568634
        ],
        "MIX-SI-SDR": [
            -3.07694673538208
        ],
        "MIX-SD-SDR": [
            -3.076951001190419
        ],
        "MIX-SNR": [
            -3.0728331208229065
        ]
    },
    "non-vocals": {
        "SI-SDR": [
            5.860944986343384
        ],
        "SI-SIR": [
            13.628884553909302
        ],
        "SI-SAR": [
            6.655474305152893
        ],
        "SD-SDR": [
            4.692760740295555
        ],
        "SNR": [
            6.85732364654541
        ],
        "SRR": [
            10.9641362863111
        ],
        "SI-SDRi": [
            2.7905821800231934
        ],
        "SD-SDRi": [
            1.6224009753801156
        ],
        "SNRi": [
            3.7844914197921753
        ],
        "MIX-SI-SDR": [
            3.0703628063201904
        ],
        "MIX-SD-SDR": [
            3.0703597649154397
        ],
        "MIX-SNR": [
            3.072832226753235
        ]
    }
}