{
    "combination": [
        0,
        1
    ],
    "permutation": [
        0,
        1
    ],
    "vocals": {
        "SI-SDR": [
            3.1635013222694397
        ],
        "SI-SIR": [
            9.122651219367981
        ],
        "SI-SAR": [
            4.433531165122986
        ],
        "SD-SDR": [
            3.0740811739085805
        ],
        "SNR": [
            3.9036062359809875
        ],
        "SRR": [
            19.981632716593964
        ],
        "SI-SDRi": [
            6.779467165470123
        ],
        "SD-SDRi": [
            6.690118428649531
        ],
        "SNRi": [
            7.573264539241791
        ],
        "MIX-SI-SDR": [
            -3.6159658432006836
        ],
        "MIX-SD-SDR": [
            -3.6160372547409505
        ],
        "MIX-SNR": [
            -3.6696583032608032
        ]
    },
    "non-vocals": {
        "SI-SDR": [
            6.78114652633667
        ],
        "SI-SIR": [
            22.330322265625
        ],
        "SI-SAR": [
            6.903882622718811
        ],
        "SD-SDR": [
            5.5444365988193285
        ],
        "SNR": [
            7.573264837265015
        ],
        "SRR": [
            11.597230011266682
        ],
        "SI-SDRi": [
            3.089793026447296
        ],
        "SD-SDRi": [
            1.8531748685915574
        ],
        "SNRi": [
            3.9036065340042114
        ],
        "MIX-SI-SDR": [
            3.691353499889374
        ],
        "MIX-SD-SDR": [
            3.691261730227771
        ],
        "MIX-SNR": [
            3.6696583032608032
        ]
    }
}