{
    "combination": [
        0,
        1
    ],
    "permutation": [
        0,
        1
    ],
    "vocals": {
        "SI-SDR": [
            4.2114269733428955
        ],
        "SI-SIR": [
            11.397945880889893
        ],
        "SI-SAR": [
            5.132681131362915
        ],
        "SD-SDR": [
            3.439518931533904
        ],
        "SNR": [
            5.526435971260071
        ],
        "SRR": [
            11.321841727646087
        ],
        "SI-SDRi": [
            7.3157066106796265
        ],
        "SD-SDRi": [
            6.543811128294077
        ],
        "SNRi": [
            8.608163595199585
        ],
        "MIX-SI-SDR": [
            -3.104279637336731
        ],
        "MIX-SD-SDR": [
            -3.104292196760174
        ],
        "MIX-SNR": [
            -3.081727623939514
        ]
    },
    "non-vocals": {
        "SI-SDR": [
            7.969450950622559
        ],
        "SI-SIR": [
            15.107237100601196
        ],
        "SI-SAR": [
            8.902298212051392
        ],
        "SD-SDR": [
            7.2091375511403015
        ],
        "SNR": [
            8.608163595199585
        ],
        "SRR": [
            15.150870014646767
        ],
        "SI-SDRi": [
            4.898936748504639
        ],
        "SD-SDRi": [
            4.138638749461064
        ],
        "SNRi": [
            5.526435971260071
        ],
        "MIX-SI-SDR": [
            3.07051420211792
        ],
        "MIX-SD-SDR": [
            3.070498801679238
        ],
        "MIX-SNR": [
            3.081727623939514
        ]
    }
}