{
    "combination": [
        0,
        1
    ],
    "permutation": [
        0,
        1
    ],
    "vocals": {
        "SI-SDR": [
            6.026092171669006
        ],
        "SI-SIR": [
            15.013071298599243
        ],
        "SI-SAR": [
            6.612303256988525
        ],
        "SD-SDR": [
            5.321240271660784
        ],
        "SNR": [
            6.975623965263367
        ],
        "SRR": [
            13.563243980978665
        ],
        "SI-SDRi": [
            9.924657344818115
        ],
        "SD-SDRi": [
            9.219800569747612
        ],
        "SNRi": [
            10.877476334571838
        ],
        "MIX-SI-SDR": [
            -3.898565173149109
        ],
        "MIX-SD-SDR": [
            -3.8985602980868275
        ],
        "MIX-SNR": [
            -3.9018523693084717
        ]
    },
    "non-vocals": {
        "SI-SDR": [
            10.516157150268555
        ],
        "SI-SIR": [
            18.26588749885559
        ],
        "SI-SAR": [
            11.314338445663452
        ],
        "SD-SDR": [
            10.023273009923116
        ],
        "SNR": [
            10.87747573852539
        ],
        "SRR": [
            19.714465741417758
        ],
        "SI-SDRi": [
            6.613052487373352
        ],
        "SD-SDRi": [
            6.120169920678027
        ],
        "SNRi": [
            6.975623369216919
        ],
        "MIX-SI-SDR": [
            3.9031046628952026
        ],
        "MIX-SD-SDR": [
            3.9031030892450893
        ],
        "MIX-SNR": [
            3.9018523693084717
        ]
    }
}