{
    "combination": [
        0,
        1
    ],
    "permutation": [
        0,
        1
    ],
    "vocals": {
        "SI-SDR": [
            2.6750126481056213
        ],
        "SI-SIR": [
            11.178497076034546
        ],
        "SI-SAR": [
            3.335789442062378
        ],
        "SD-SDR": [
            1.9254353344580122
        ],
        "SNR": [
            4.330310225486755
        ],
        "SRR": [
            9.924273252183555
        ],
        "SI-SDRi": [
            7.907648384571075
        ],
        "SD-SDRi": [
            7.158075468806098
        ],
        "SNRi": [
            9.556943774223328
        ],
        "MIX-SI-SDR": [
            -5.232635736465454
        ],
        "MIX-SD-SDR": [
            -5.2326401343480855
        ],
        "MIX-SNR": [
            -5.226633548736572
        ]
    },
    "non-vocals": {
        "SI-SDR": [
            9.047333002090454
        ],
        "SI-SIR": [
            16.499428749084473
        ],
        "SI-SAR": [
            9.908087253570557
        ],
        "SD-SDR": [
            8.497739359097995
        ],
        "SNR": [
            9.556943774223328
        ],
        "SRR": [
            17.741707070691724
        ],
        "SI-SDRi": [
            3.8231301307678223
        ],
        "SD-SDRi": [
            3.2735311464521164
        ],
        "SNRi": [
            4.330310225486755
        ],
        "MIX-SI-SDR": [
            5.224202871322632
        ],
        "MIX-SD-SDR": [
            5.224208212645879
        ],
        "MIX-SNR": [
            5.226633548736572
        ]
    }
}