{
    "combination": [
        0,
        1
    ],
    "permutation": [
        0,
        1
    ],
    "vocals": {
        "SI-SDR": [
            5.3184425830841064
        ],
        "SI-SIR": [
            11.42107367515564
        ],
        "SI-SAR": [
            6.540817618370056
        ],
        "SD-SDR": [
            4.9657779610503905
        ],
        "SNR": [
            6.237503886222839
        ],
        "SRR": [
            16.04479585616751
        ],
        "SI-SDRi": [
            7.1316105127334595
        ],
        "SD-SDRi": [
            6.77895090789599
        ],
        "SNRi": [
            8.062391132116318
        ],
        "MIX-SI-SDR": [
            -1.813167929649353
        ],
        "MIX-SD-SDR": [
            -1.8131729468456
        ],
        "MIX-SNR": [
            -1.8248872458934784
        ]
    },
    "non-vocals": {
        "SI-SDR": [
            7.366930246353149
        ],
        "SI-SIR": [
            17.318010330200195
        ],
        "SI-SAR": [
            7.829965949058533
        ],
        "SD-SDR": [
            6.254918015642923
        ],
        "SNR": [
            8.06239128112793
        ],
        "SRR": [
            12.715445735470738
        ],
        "SI-SDRi": [
            5.534401535987854
        ],
        "SD-SDRi": [
            4.422397465929035
        ],
        "SNRi": [
            6.237503737211227
        ],
        "MIX-SI-SDR": [
            1.8325287103652954
        ],
        "MIX-SD-SDR": [
            1.8325205497138886
        ],
        "MIX-SNR": [
            1.8248875439167023
        ]
    }
}