{
    "combination": [
        0,
        1
    ],
    "permutation": [
        0,
        1
    ],
    "vocals": {
        "SI-SDR": [
            -0.7488492131233215
        ],
        "SI-SIR": [
            6.105540990829468
        ],
        "SI-SAR": [
            0.2547353133559227
        ],
        "SD-SDR": [
            -2.80467357177678
        ],
        "SNR": [
            2.5300049781799316
        ],
        "SRR": [
            1.4306900149701174
        ],
        "SI-SDRi": [
            6.347363889217377
        ],
        "SD-SDRi": [
            4.291540625047412
        ],
        "SNRi": [
            9.640789031982422
        ],
        "MIX-SI-SDR": [
            -7.096213102340698
        ],
        "MIX-SD-SDR": [
            -7.096214196824192
        ],
        "MIX-SNR": [
            -7.11078405380249
        ]
    },
    "non-vocals": {
        "SI-SDR": [
            9.145210981369019
        ],
        "SI-SIR": [
            12.781044244766235
        ],
        "SI-SAR": [
            11.60882830619812
        ],
        "SD-SDR": [
            8.549412585001082
        ],
        "SNR": [
            9.640789031982422
        ],
        "SRR": [
            17.465393345554666
        ],
        "SI-SDRi": [
            2.0326370000839233
        ],
        "SD-SDRi": [
            1.4368436182316566
        ],
        "SNRi": [
            2.5300049781799316
        ],
        "MIX-SI-SDR": [
            7.112573981285095
        ],
        "MIX-SD-SDR": [
            7.112568966769426
        ],
        "MIX-SNR": [
            7.11078405380249
        ]
    }
}