{
    "combination": [
        0,
        1
    ],
    "permutation": [
        0,
        1
    ],
    "vocals": {
        "SI-SDR": [
            6.270013451576233
        ],
        "SI-SIR": [
            15.495998859405518
        ],
        "SI-SAR": [
            6.822762489318848
        ],
        "SD-SDR": [
            5.9728775240064005
        ],
        "SNR": [
            7.029109001159668
        ],
        "SRR": [
            17.767637230526187
        ],
        "SI-SDRi": [
            8.399836719036102
        ],
        "SD-SDRi": [
            8.102708591232009
        ],
        "SNRi": [
            9.163507223129272
        ],
        "MIX-SI-SDR": [
            -2.1298232674598694
        ],
        "MIX-SD-SDR": [
            -2.129831067225609
        ],
        "MIX-SNR": [
            -2.1343982219696045
        ]
    },
    "non-vocals": {
        "SI-SDR": [
            8.60275387763977
        ],
        "SI-SIR": [
            19.880343675613403
        ],
        "SI-SAR": [
            8.939051628112793
        ],
        "SD-SDR": [
            8.089170899262891
        ],
        "SNR": [
            9.163506627082825
        ],
        "SRR": [
            17.610781861460026
        ],
        "SI-SDRi": [
            6.466362476348877
        ],
        "SD-SDRi": [
            5.952778502184705
        ],
        "SNRi": [
            7.029108256101608
        ],
        "MIX-SI-SDR": [
            2.1363914012908936
        ],
        "MIX-SD-SDR": [
            2.1363923970781866
        ],
        "MIX-SNR": [
            2.1343983709812164
        ]
    }
}