{
    "combination": [
        0,
        1
    ],
    "permutation": [
        0,
        1
    ],
    "vocals": {
        "SI-SDR": [
            2.437484711408615
        ],
        "SI-SIR": [
            8.459751605987549
        ],
        "SI-SAR": [
            3.6863091588020325
        ],
        "SD-SDR": [
            1.9184478498125306
        ],
        "SNR": [
            3.9885425567626953
        ],
        "SRR": [
            11.400887438956659
        ],
        "SI-SDRi": [
            8.223151415586472
        ],
        "SD-SDRi": [
            7.7041104350617235
        ],
        "SNRi": [
            9.766830205917358
        ],
        "MIX-SI-SDR": [
            -5.7856667041778564
        ],
        "MIX-SD-SDR": [
            -5.785662585249193
        ],
        "MIX-SNR": [
            -5.778287649154663
        ]
    },
    "non-vocals": {
        "SI-SDR": [
            9.41344439983368
        ],
        "SI-SIR": [
            17.811930179595947
        ],
        "SI-SAR": [
            10.091716051101685
        ],
        "SD-SDR": [
            8.323855409962576
        ],
        "SNR": [
            9.76682960987091
        ],
        "SRR": [
            14.859641714125296
        ],
        "SI-SDRi": [
            3.637649416923523
        ],
        "SD-SDRi": [
            2.5480599016047902
        ],
        "SNRi": [
            3.9885419607162476
        ],
        "MIX-SI-SDR": [
            5.775794982910156
        ],
        "MIX-SD-SDR": [
            5.775795508357786
        ],
        "MIX-SNR": [
            5.778287649154663
        ]
    }
}