{
    "combination": [
        0,
        1
    ],
    "permutation": [
        0,
        1
    ],
    "vocals": {
        "SI-SDR": [
            5.02013623714447
        ],
        "SI-SIR": [
            14.149951934814453
        ],
        "SI-SAR": [
            5.5860865116119385
        ],
        "SD-SDR": [
            3.7603091482319355
        ],
        "SNR": [
            6.207755208015442
        ],
        "SRR": [
            9.749585211299463
        ],
        "SI-SDRi": [
            9.73253071308136
        ],
        "SD-SDRi": [
            8.472703631848816
        ],
        "SNRi": [
            10.931030511856079
        ],
        "MIX-SI-SDR": [
            -4.71239447593689
        ],
        "MIX-SD-SDR": [
            -4.71239448361688
        ],
        "MIX-SNR": [
            -4.723275303840637
        ]
    },
    "non-vocals": {
        "SI-SDR": [
            10.566476583480835
        ],
        "SI-SIR": [
            16.136757135391235
        ],
        "SI-SAR": [
            11.97696328163147
        ],
        "SD-SDR": [
            10.15118778892623
        ],
        "SNR": [
            10.931030511856079
        ],
        "SRR": [
            20.54330714587213
        ],
        "SI-SDRi": [
            5.840248465538025
        ],
        "SD-SDRi": [
            5.424964056053767
        ],
        "SNRi": [
            6.207755208015442
        ],
        "MIX-SI-SDR": [
            4.72622811794281
        ],
        "MIX-SD-SDR": [
            4.726223732872462
        ],
        "MIX-SNR": [
            4.723275303840637
        ]
    }
}