{
    "combination": [
        0,
        1
    ],
    "permutation": [
        0,
        1
    ],
    "vocals": {
        "SI-SDR": [
            3.90391081571579
        ],
        "SI-SIR": [
            10.394599437713623
        ],
        "SI-SAR": [
            5.007267594337463
        ],
        "SD-SDR": [
            2.9215414635237877
        ],
        "SNR": [
            5.342423915863037
        ],
        "SRR": [
            9.858275091421408
        ],
        "SI-SDRi": [
            4.854572042822838
        ],
        "SD-SDRi": [
            3.8722397278279024
        ],
        "SNRi": [
            6.2660182267427444
        ],
        "MIX-SI-SDR": [
            -0.950661227107048
        ],
        "MIX-SD-SDR": [
            -0.9506982643041147
        ],
        "MIX-SNR": [
            -0.9235943108797073
        ]
    },
    "non-vocals": {
        "SI-SDR": [
            5.121794939041138
        ],
        "SI-SIR": [
            11.219847202301025
        ],
        "SI-SAR": [
            6.345654726028442
        ],
        "SD-SDR": [
            4.259929549453493
        ],
        "SNR": [
            6.2660181522369385
        ],
        "SRR": [
            11.70694298457562
        ],
        "SI-SDRi": [
            4.220148324966431
        ],
        "SD-SDRi": [
            3.3583095788184387
        ],
        "SNRi": [
            5.342423766851425
        ],
        "MIX-SI-SDR": [
            0.901646614074707
        ],
        "MIX-SD-SDR": [
            0.9016199706350541
        ],
        "MIX-SNR": [
            0.9235943853855133
        ]
    }
}