{
    "combination": [
        0,
        1
    ],
    "permutation": [
        0,
        1
    ],
    "vocals": {
        "SI-SDR": [
            -10.871807336807251
        ],
        "SI-SIR": [
            3.378763794898987
        ],
        "SI-SAR": [
            -10.705468654632568
        ],
        "SD-SDR": [
            -21.556526383784398
        ],
        "SNR": [
            0.3401472419500351
        ],
        "SRR": [
            -21.16880976076882
        ],
        "SI-SDRi": [
            2.7845776081085205
        ],
        "SD-SDRi": [
            -7.900138234256996
        ],
        "SNRi": [
            14.002411589026451
        ],
        "MIX-SI-SDR": [
            -13.656384944915771
        ],
        "MIX-SD-SDR": [
            -13.656388149527402
        ],
        "MIX-SNR": [
            -13.662264347076416
        ]
    },
    "non-vocals": {
        "SI-SDR": [
            13.916645050048828
        ],
        "SI-SIR": [
            14.290411472320557
        ],
        "SI-SAR": [
            24.75381851196289
        ],
        "SD-SDR": [
            13.902758308702525
        ],
        "SNR": [
            14.002412557601929
        ],
        "SRR": [
            38.75649497173772
        ],
        "SI-SDRi": [
            0.25530457496643066
        ],
        "SD-SDRi": [
            0.24142155959447464
        ],
        "SNRi": [
            0.3401505947113037
        ],
        "MIX-SI-SDR": [
            13.661340475082397
        ],
        "MIX-SD-SDR": [
            13.66133674910805
        ],
        "MIX-SNR": [
            13.662261962890625
        ]
    }
}