{
    "combination": [
        0,
        1
    ],
    "permutation": [
        0,
        1
    ],
    "vocals": {
        "SI-SDR": [
            -0.11166281998157501
        ],
        "SI-SIR": [
            10.112321376800537
        ],
        "SI-SAR": [
            0.3217172622680664
        ],
        "SD-SDR": [
            -1.9590857698479613
        ],
        "SNR": [
            2.839723229408264
        ],
        "SRR": [
            2.6440227448472493
        ],
        "SI-SDRi": [
            6.904371306300163
        ],
        "SD-SDRi": [
            5.057095620572788
        ],
        "SNRi": [
            9.971544742584229
        ],
        "MIX-SI-SDR": [
            -7.016034126281738
        ],
        "MIX-SD-SDR": [
            -7.0161813904207495
        ],
        "MIX-SNR": [
            -7.131821513175964
        ]
    },
    "non-vocals": {
        "SI-SDR": [
            9.535169005393982
        ],
        "SI-SIR": [
            13.84647011756897
        ],
        "SI-SAR": [
            11.545658111572266
        ],
        "SD-SDR": [
            9.264850746614083
        ],
        "SNR": [
            9.971545338630676
        ],
        "SRR": [
            21.4359078870457
        ],
        "SI-SDRi": [
            2.3825424909591675
        ],
        "SD-SDRi": [
            2.112378161687845
        ],
        "SNRi": [
            2.839723825454712
        ],
        "MIX-SI-SDR": [
            7.1526265144348145
        ],
        "MIX-SD-SDR": [
            7.1524725849262385
        ],
        "MIX-SNR": [
            7.131821513175964
        ]
    }
}