{
    "combination": [
        0,
        1
    ],
    "permutation": [
        0,
        1
    ],
    "vocals": {
        "SI-SDR": [
            1.7259755730628967
        ],
        "SI-SIR": [
            7.747047543525696
        ],
        "SI-SAR": [
            2.9752057790756226
        ],
        "SD-SDR": [
            -0.10936684368993621
        ],
        "SNR": [
            3.943259119987488
        ],
        "SRR": [
            4.516599424243489
        ],
        "SI-SDRi": [
            5.8001890778541565
        ],
        "SD-SDRi": [
            3.9648444811737527
        ],
        "SNRi": [
            8.025222420692444
        ],
        "MIX-SI-SDR": [
            -4.07421350479126
        ],
        "MIX-SD-SDR": [
            -4.074211324863689
        ],
        "MIX-SNR": [
            -4.081963300704956
        ]
    },
    "non-vocals": {
        "SI-SDR": [
            7.280675768852234
        ],
        "SI-SIR": [
            11.127725839614868
        ],
        "SI-SAR": [
            9.58964467048645
        ],
        "SD-SDR": [
            6.505066047171929
        ],
        "SNR": [
            8.025223016738892
        ],
        "SRR": [
            14.367356384250186
        ],
        "SI-SDRi": [
            3.1959283351898193
        ],
        "SD-SDRi": [
            2.420326880713171
        ],
        "SNRi": [
            3.9432594180107117
        ],
        "MIX-SI-SDR": [
            4.0847474336624146
        ],
        "MIX-SD-SDR": [
            4.084739166458758
        ],
        "MIX-SNR": [
            4.08196359872818
        ]
    }
}