{
    "combination": [
        0,
        1
    ],
    "permutation": [
        0,
        1
    ],
    "vocals": {
        "SI-SDR": [
            4.197503328323364
        ],
        "SI-SIR": [
            12.057017087936401
        ],
        "SI-SAR": [
            4.97388482093811
        ],
        "SD-SDR": [
            3.9728523683632373
        ],
        "SNR": [
            5.127052068710327
        ],
        "SRR": [
            16.947177562312085
        ],
        "SI-SDRi": [
            12.712936401367188
        ],
        "SD-SDRi": [
            12.488306811546128
        ],
        "SNRi": [
            13.695548176765442
        ],
        "MIX-SI-SDR": [
            -8.515433073043823
        ],
        "MIX-SD-SDR": [
            -8.515454443182891
        ],
        "MIX-SNR": [
            -8.568496108055115
        ]
    },
    "non-vocals": {
        "SI-SDR": [
            13.68922233581543
        ],
        "SI-SIR": [
            25.897493362426758
        ],
        "SI-SAR": [
            13.958592414855957
        ],
        "SD-SDR": [
            12.957560413363478
        ],
        "SNR": [
            13.69554877281189
        ],
        "SRR": [
            21.043689281464996
        ],
        "SI-SDRi": [
            5.114108324050903
        ],
        "SD-SDRi": [
            4.382467959637143
        ],
        "SNRi": [
            5.127052664756775
        ],
        "MIX-SI-SDR": [
            8.575114011764526
        ],
        "MIX-SD-SDR": [
            8.575092453726334
        ],
        "MIX-SNR": [
            8.568496108055115
        ]
    }
}