{
    "combination": [
        0,
        1
    ],
    "permutation": [
        0,
        1
    ],
    "vocals": {
        "SI-SDR": [
            -15.691916942596436
        ],
        "SI-SIR": [
            -8.768799304962158
        ],
        "SI-SAR": [
            -14.706007242202759
        ],
        "SD-SDR": [
            -16.104297102386155
        ],
        "SNR": [
            -6.790823340415955
        ],
        "SRR": [
            -5.674869313468339
        ],
        "SI-SDRi": [
            4.72797155380249
        ],
        "SD-SDRi": [
            4.320816976587658
        ],
        "SNRi": [
            10.936781764030457
        ],
        "MIX-SI-SDR": [
            -20.419888496398926
        ],
        "MIX-SD-SDR": [
            -20.425114078973813
        ],
        "MIX-SNR": [
            -17.72760510444641
        ]
    },
    "non-vocals": {
        "SI-SDR": [
            10.711935758590698
        ],
        "SI-SIR": [
            20.65370798110962
        ],
        "SI-SAR": [
            11.176021099090576
        ],
        "SD-SDR": [
            9.777728543437382
        ],
        "SNR": [
            10.936782360076904
        ],
        "SRR": [
            16.908243771594194
        ],
        "SI-SDRi": [
            -6.981426477432251
        ],
        "SD-SDRi": [
            -7.910404614548989
        ],
        "SNRi": [
            -6.790822744369507
        ],
        "MIX-SI-SDR": [
            17.69336223602295
        ],
        "MIX-SD-SDR": [
            17.68813315798637
        ],
        "MIX-SNR": [
            17.72760510444641
        ]
    }
}