{
    "combination": [
        0,
        1
    ],
    "permutation": [
        0,
        1
    ],
    "vocals": {
        "SI-SDR": [
            4.597799479961395
        ],
        "SI-SIR": [
            12.196024656295776
        ],
        "SI-SAR": [
            5.427214503288269
        ],
        "SD-SDR": [
            4.162257322887175
        ],
        "SNR": [
            5.68276584148407
        ],
        "SRR": [
            14.365167032083246
        ],
        "SI-SDRi": [
            9.167889058589935
        ],
        "SD-SDRi": [
            8.732356386153327
        ],
        "SNRi": [
            10.237123370170593
        ],
        "MIX-SI-SDR": [
            -4.57008957862854
        ],
        "MIX-SD-SDR": [
            -4.570099063266153
        ],
        "MIX-SNR": [
            -4.554357528686523
        ]
    },
    "non-vocals": {
        "SI-SDR": [
            9.84966516494751
        ],
        "SI-SIR": [
            19.3206524848938
        ],
        "SI-SAR": [
            10.370193719863892
        ],
        "SD-SDR": [
            9.105241800336294
        ],
        "SNR": [
            10.237123966217041
        ],
        "SRR": [
            17.12817580436912
        ],
        "SI-SDRi": [
            5.301312506198883
        ],
        "SD-SDRi": [
            4.556889899075339
        ],
        "SNRi": [
            5.682767033576965
        ],
        "MIX-SI-SDR": [
            4.548352658748627
        ],
        "MIX-SD-SDR": [
            4.548351901260956
        ],
        "MIX-SNR": [
            4.554356932640076
        ]
    }
}