{
    "combination": [
        0,
        1
    ],
    "permutation": [
        0,
        1
    ],
    "vocals": {
        "SI-SDR": [
            1.8977543711662292
        ],
        "SI-SIR": [
            11.876333951950073
        ],
        "SI-SAR": [
            2.3577049374580383
        ],
        "SD-SDR": [
            0.7215058523408482
        ],
        "SNR": [
            3.9385131001472473
        ],
        "SRR": [
            6.969153011312451
        ],
        "SI-SDRi": [
            10.167677700519562
        ],
        "SD-SDRi": [
            8.991431506646162
        ],
        "SNRi": [
            12.191446125507355
        ],
        "MIX-SI-SDR": [
            -8.269923329353333
        ],
        "MIX-SD-SDR": [
            -8.269925654305315
        ],
        "MIX-SNR": [
            -8.252933025360107
        ]
    },
    "non-vocals": {
        "SI-SDR": [
            11.925263404846191
        ],
        "SI-SIR": [
            17.8292977809906
        ],
        "SI-SAR": [
            13.214174509048462
        ],
        "SD-SDR": [
            11.577977807971282
        ],
        "SNR": [
            12.19144582748413
        ],
        "SRR": [
            22.71190831549496
        ],
        "SI-SDRi": [
            3.6755436658859253
        ],
        "SD-SDRi": [
            3.328260932949423
        ],
        "SNRi": [
            3.9385128021240234
        ],
        "MIX-SI-SDR": [
            8.249719738960266
        ],
        "MIX-SD-SDR": [
            8.249716875021859
        ],
        "MIX-SNR": [
            8.252933025360107
        ]
    }
}