{
    "combination": [
        0,
        1
    ],
    "permutation": [
        0,
        1
    ],
    "vocals": {
        "SI-SDR": [
            2.5646817684173584
        ],
        "SI-SIR": [
            9.769749641418457
        ],
        "SI-SAR": [
            3.4815606474876404
        ],
        "SD-SDR": [
            1.9458916152007841
        ],
        "SNR": [
            4.166269898414612
        ],
        "SRR": [
            10.713920593108949
        ],
        "SI-SDRi": [
            8.543319702148438
        ],
        "SD-SDRi": [
            7.924555604670629
        ],
        "SNRi": [
            10.186335444450378
        ],
        "MIX-SI-SDR": [
            -5.978637933731079
        ],
        "MIX-SD-SDR": [
            -5.978663989469845
        ],
        "MIX-SNR": [
            -6.020065546035767
        ]
    },
    "non-vocals": {
        "SI-SDR": [
            9.801040887832642
        ],
        "SI-SIR": [
            17.766393423080444
        ],
        "SI-SAR": [
            10.556994676589966
        ],
        "SD-SDR": [
            9.021325468124367
        ],
        "SNR": [
            10.186336040496826
        ],
        "SRR": [
            16.860673700143742
        ],
        "SI-SDRi": [
            3.7712448835372925
        ],
        "SD-SDRi": [
            2.991562083594679
        ],
        "SNRi": [
            4.166269302368164
        ],
        "MIX-SI-SDR": [
            6.029796004295349
        ],
        "MIX-SD-SDR": [
            6.029763384529688
        ],
        "MIX-SNR": [
            6.020066738128662
        ]
    }
}