{
    "combination": [
        0,
        1
    ],
    "permutation": [
        0,
        1
    ],
    "vocals": {
        "SI-SDR": [
            -7.530450224876404
        ],
        "SI-SIR": [
            15.180654525756836
        ],
        "SI-SAR": [
            -7.507126331329346
        ],
        "SD-SDR": [
            -18.015352974022207
        ],
        "SNR": [
            0.6677407026290894
        ],
        "SRR": [
            -17.608491441028626
        ],
        "SI-SDRi": [
            1.1305171251296997
        ],
        "SD-SDRi": [
            -9.354375705519292
        ],
        "SNRi": [
            9.310255646705627
        ],
        "MIX-SI-SDR": [
            -8.660967350006104
        ],
        "MIX-SD-SDR": [
            -8.660977268502915
        ],
        "MIX-SNR": [
            -8.642514944076538
        ]
    },
    "non-vocals": {
        "SI-SDR": [
            9.244346618652344
        ],
        "SI-SIR": [
            9.648842215538025
        ],
        "SI-SAR": [
            19.750347137451172
        ],
        "SD-SDR": [
            9.242117106163484
        ],
        "SNR": [
            9.310255646705627
        ],
        "SRR": [
            42.07433805322893
        ],
        "SI-SDRi": [
            0.6049060821533203
        ],
        "SD-SDRi": [
            0.6026764059431624
        ],
        "SNRi": [
            0.6677407026290894
        ],
        "MIX-SI-SDR": [
            8.639440536499023
        ],
        "MIX-SD-SDR": [
            8.639440700220321
        ],
        "MIX-SNR": [
            8.642514944076538
        ]
    }
}