{
    "combination": [
        0,
        1
    ],
    "permutation": [
        0,
        1
    ],
    "vocals": {
        "SI-SDR": [
            1.7160233855247498
        ],
        "SI-SIR": [
            9.506570100784302
        ],
        "SI-SAR": [
            2.5060221552848816
        ],
        "SD-SDR": [
            -0.03278731400817314
        ],
        "SNR": [
            3.928912580013275
        ],
        "SRR": [
            4.7626447577455
        ],
        "SI-SDRi": [
            7.032702267169952
        ],
        "SD-SDRi": [
            5.283887748367444
        ],
        "SNRi": [
            9.236555993556976
        ],
        "MIX-SI-SDR": [
            -5.316678881645203
        ],
        "MIX-SD-SDR": [
            -5.316675062375617
        ],
        "MIX-SNR": [
            -5.307643413543701
        ]
    },
    "non-vocals": {
        "SI-SDR": [
            8.684995174407959
        ],
        "SI-SIR": [
            12.970290184020996
        ],
        "SI-SAR": [
            10.710853338241577
        ],
        "SD-SDR": [
            8.172036168236446
        ],
        "SNR": [
            9.236555695533752
        ],
        "SRR": [
            17.695518378635715
        ],
        "SI-SDRi": [
            3.381054401397705
        ],
        "SD-SDRi": [
            2.868099380690004
        ],
        "SNRi": [
            3.9289122819900513
        ],
        "MIX-SI-SDR": [
            5.303940773010254
        ],
        "MIX-SD-SDR": [
            5.303936787546442
        ],
        "MIX-SNR": [
            5.307643413543701
        ]
    }
}