{
    "combination": [
        0,
        1
    ],
    "permutation": [
        0,
        1
    ],
    "vocals": {
        "SI-SDR": [
            -13.119879961013794
        ],
        "SI-SIR": [
            5.461338758468628
        ],
        "SI-SAR": [
            -13.059250116348267
        ],
        "SD-SDR": [
            -40.743464085677736
        ],
        "SNR": [
            0.07193142082542181
        ],
        "SRR": [
            -40.73595738400954
        ],
        "SI-SDRi": [
            1.945122480392456
        ],
        "SD-SDRi": [
            -25.678414420004287
        ],
        "SNRi": [
            15.304747163318098
        ],
        "MIX-SI-SDR": [
            -15.06500244140625
        ],
        "MIX-SD-SDR": [
            -15.065049665673449
        ],
        "MIX-SNR": [
            -15.232815742492676
        ]
    },
    "non-vocals": {
        "SI-SDR": [
            15.301485061645508
        ],
        "SI-SIR": [
            15.30886173248291
        ],
        "SI-SAR": [
            42.98569679260254
        ],
        "SD-SDR": [
            15.301485575352109
        ],
        "SNR": [
            15.304747819900513
        ],
        "SRR": [
            68.50432468509084
        ],
        "SI-SDRi": [
            0.06454110145568848
        ],
        "SD-SDRi": [
            0.06458790002349168
        ],
        "SNRi": [
            0.0719308853149414
        ],
        "MIX-SI-SDR": [
            15.23694396018982
        ],
        "MIX-SD-SDR": [
            15.236897675328617
        ],
        "MIX-SNR": [
            15.232816934585571
        ]
    }
}