{
    "combination": [
        0,
        1
    ],
    "permutation": [
        0,
        1
    ],
    "vocals": {
        "SI-SDR": [
            1.3943515717983246
        ],
        "SI-SIR": [
            9.187936782836914
        ],
        "SI-SAR": [
            2.183758169412613
        ],
        "SD-SDR": [
            0.7552393533836965
        ],
        "SNR": [
            3.2916709780693054
        ],
        "SRR": [
            9.392767274317867
        ],
        "SI-SDRi": [
            6.738103479146957
        ],
        "SD-SDRi": [
            6.098990339600556
        ],
        "SNRi": [
            8.625642955303192
        ],
        "MIX-SI-SDR": [
            -5.343751907348633
        ],
        "MIX-SD-SDR": [
            -5.343750986216859
        ],
        "MIX-SNR": [
            -5.333971977233887
        ]
    },
    "non-vocals": {
        "SI-SDR": [
            7.984865307807922
        ],
        "SI-SIR": [
            15.954408645629883
        ],
        "SI-SAR": [
            8.74000072479248
        ],
        "SD-SDR": [
            7.3114877423655065
        ],
        "SNR": [
            8.625643849372864
        ],
        "SRR": [
            15.737985974142504
        ],
        "SI-SDRi": [
            2.6539981365203857
        ],
        "SD-SDRi": [
            1.9806178976331887
        ],
        "SNRi": [
            3.2916712760925293
        ],
        "MIX-SI-SDR": [
            5.330867171287537
        ],
        "MIX-SD-SDR": [
            5.330869844732318
        ],
        "MIX-SNR": [
            5.3339725732803345
        ]
    }
}