{
    "combination": [
        0,
        1
    ],
    "permutation": [
        0,
        1
    ],
    "vocals": {
        "SI-SDR": [
            -4.746819734573364
        ],
        "SI-SIR": [
            1.6355335712432861
        ],
        "SI-SAR": [
            -3.6116284132003784
        ],
        "SD-SDR": [
            -5.498726622104179
        ],
        "SNR": [
            -0.6329942494630814
        ],
        "SRR": [
            2.4871792244435413
        ],
        "SI-SDRi": [
            4.787743091583252
        ],
        "SD-SDRi": [
            4.035854149877489
        ],
        "SNRi": [
            8.849136754870415
        ],
        "MIX-SI-SDR": [
            -9.534562826156616
        ],
        "MIX-SD-SDR": [
            -9.534580771981668
        ],
        "MIX-SNR": [
            -9.482131004333496
        ]
    },
    "non-vocals": {
        "SI-SDR": [
            8.281481862068176
        ],
        "SI-SIR": [
            15.349867343902588
        ],
        "SI-SAR": [
            9.231070876121521
        ],
        "SD-SDR": [
            7.3439703556535605
        ],
        "SNR": [
            8.84913682937622
        ],
        "SRR": [
            14.461147049061719
        ],
        "SI-SDRi": [
            -1.194503903388977
        ],
        "SD-SDRi": [
            -2.1319939756423736
        ],
        "SNRi": [
            -0.6329941749572754
        ],
        "MIX-SI-SDR": [
            9.475985765457153
        ],
        "MIX-SD-SDR": [
            9.475964331295934
        ],
        "MIX-SNR": [
            9.482131004333496
        ]
    }
}