{
    "combination": [
        0,
        1
    ],
    "permutation": [
        0,
        1
    ],
    "vocals": {
        "SI-SDR": [
            4.460609555244446
        ],
        "SI-SIR": [
            15.187004804611206
        ],
        "SI-SAR": [
            4.844489693641663
        ],
        "SD-SDR": [
            2.4373091458084986
        ],
        "SNR": [
            5.729992389678955
        ],
        "SRR": [
            6.7269990824750705
        ],
        "SI-SDRi": [
            9.769845604896545
        ],
        "SD-SDRi": [
            7.746545553570863
        ],
        "SNRi": [
            11.034553050994873
        ],
        "MIX-SI-SDR": [
            -5.3092360496521
        ],
        "MIX-SD-SDR": [
            -5.309236407762365
        ],
        "MIX-SNR": [
            -5.304560661315918
        ]
    },
    "non-vocals": {
        "SI-SDR": [
            10.690211057662964
        ],
        "SI-SIR": [
            14.743528366088867
        ],
        "SI-SAR": [
            12.86009669303894
        ],
        "SD-SDR": [
            10.45291792180379
        ],
        "SNR": [
            11.034553050994873
        ],
        "SRR": [
            23.190833218171456
        ],
        "SI-SDRi": [
            5.387393832206726
        ],
        "SD-SDRi": [
            5.150103185651379
        ],
        "SNRi": [
            5.729992389678955
        ],
        "MIX-SI-SDR": [
            5.302817225456238
        ],
        "MIX-SD-SDR": [
            5.302814736152411
        ],
        "MIX-SNR": [
            5.304560661315918
        ]
    }
}