{
    "combination": [
        0,
        1
    ],
    "permutation": [
        0,
        1
    ],
    "vocals": {
        "SI-SDR": [
            2.4242979288101196
        ],
        "SI-SIR": [
            12.845779657363892
        ],
        "SI-SAR": [
            2.837468981742859
        ],
        "SD-SDR": [
            0.884011154063153
        ],
        "SNR": [
            4.36845600605011
        ],
        "SRR": [
            6.133226996531605
        ],
        "SI-SDRi": [
            13.331710696220398
        ],
        "SD-SDRi": [
            11.791420756348588
        ],
        "SNRi": [
            15.263003706932068
        ],
        "MIX-SI-SDR": [
            -10.907412767410278
        ],
        "MIX-SD-SDR": [
            -10.907409602285435
        ],
        "MIX-SNR": [
            -10.894547700881958
        ]
    },
    "non-vocals": {
        "SI-SDR": [
            15.161933898925781
        ],
        "SI-SIR": [
            20.12664794921875
        ],
        "SI-SAR": [
            16.829222440719604
        ],
        "SD-SDR": [
            14.875761232117094
        ],
        "SNR": [
            15.26300311088562
        ],
        "SRR": [
            26.822299493567154
        ],
        "SI-SDRi": [
            4.26875114440918
        ],
        "SD-SDRi": [
            3.982578864507037
        ],
        "SNRi": [
            4.368455410003662
        ],
        "MIX-SI-SDR": [
            10.893182754516602
        ],
        "MIX-SD-SDR": [
            10.893182367610057
        ],
        "MIX-SNR": [
            10.894547700881958
        ]
    }
}