{
    "combination": [
        0,
        1
    ],
    "permutation": [
        0,
        1
    ],
    "vocals": {
        "SI-SDR": [
            1.8729326128959656
        ],
        "SI-SIR": [
            16.1696457862854
        ],
        "SI-SAR": [
            2.037511467933655
        ],
        "SD-SDR": [
            1.3442275612203627
        ],
        "SNR": [
            3.556363582611084
        ],
        "SRR": [
            10.750519655956614
        ],
        "SI-SDRi": [
            13.879930675029755
        ],
        "SD-SDRi": [
            13.351230443445466
        ],
        "SNRi": [
            15.585652589797974
        ],
        "MIX-SI-SDR": [
            -12.006998062133789
        ],
        "MIX-SD-SDR": [
            -12.007002882225104
        ],
        "MIX-SNR": [
            -12.02928900718689
        ]
    },
    "non-vocals": {
        "SI-SDR": [
            15.46373724937439
        ],
        "SI-SIR": [
            24.72306251525879
        ],
        "SI-SAR": [
            16.011981964111328
        ],
        "SD-SDR": [
            15.318703026367402
        ],
        "SNR": [
            15.585652589797974
        ],
        "SRR": [
            30.113885213410867
        ],
        "SI-SDRi": [
            3.4343183040618896
        ],
        "SD-SDRi": [
            3.2892814840338644
        ],
        "SNRi": [
            3.556363582611084
        ],
        "MIX-SI-SDR": [
            12.0294189453125
        ],
        "MIX-SD-SDR": [
            12.029421542333537
        ],
        "MIX-SNR": [
            12.02928900718689
        ]
    }
}