{
    "combination": [
        0,
        1
    ],
    "permutation": [
        0,
        1
    ],
    "vocals": {
        "SI-SDR": [
            -1.8924377858638763
        ],
        "SI-SIR": [
            9.022595286369324
        ],
        "SI-SAR": [
            -1.5255819261074066
        ],
        "SD-SDR": [
            -7.063424963882186
        ],
        "SNR": [
            2.128518223762512
        ],
        "SRR": [
            -5.489426989706734
        ],
        "SI-SDRi": [
            2.323060780763626
        ],
        "SD-SDRi": [
            -2.847860331801467
        ],
        "SNRi": [
            6.28984272480011
        ],
        "MIX-SI-SDR": [
            -4.215498566627502
        ],
        "MIX-SD-SDR": [
            -4.215564632080719
        ],
        "MIX-SNR": [
            -4.161324501037598
        ]
    },
    "non-vocals": {
        "SI-SDR": [
            5.700382590293884
        ],
        "SI-SIR": [
            7.16795802116394
        ],
        "SI-SAR": [
            11.125397682189941
        ],
        "SD-SDR": [
            5.587552788494212
        ],
        "SNR": [
            6.28984272480011
        ],
        "SRR": [
            21.492446438413285
        ],
        "SI-SDRi": [
            1.560189127922058
        ],
        "SD-SDRi": [
            1.4474262668315294
        ],
        "SNRi": [
            2.128518223762512
        ],
        "MIX-SI-SDR": [
            4.140193462371826
        ],
        "MIX-SD-SDR": [
            4.140126521662682
        ],
        "MIX-SNR": [
            4.161324501037598
        ]
    }
}