{
    "combination": [
        0,
        1
    ],
    "permutation": [
        0,
        1
    ],
    "vocals": {
        "SI-SDR": [
            0.36465197801589966
        ],
        "SI-SIR": [
            12.72864580154419
        ],
        "SI-SAR": [
            0.6242295354604721
        ],
        "SD-SDR": [
            -1.8144245598266622
        ],
        "SNR": [
            3.164794445037842
        ],
        "SRR": [
            2.224844566700335
        ],
        "SI-SDRi": [
            6.810244023799896
        ],
        "SD-SDRi": [
            4.6311719539581
        ],
        "SNRi": [
            9.622755646705627
        ],
        "MIX-SI-SDR": [
            -6.445592045783997
        ],
        "MIX-SD-SDR": [
            -6.445596513784762
        ],
        "MIX-SNR": [
            -6.457961201667786
        ]
    },
    "non-vocals": {
        "SI-SDR": [
            9.222708344459534
        ],
        "SI-SIR": [
            13.105523586273193
        ],
        "SI-SAR": [
            11.506742238998413
        ],
        "SD-SDR": [
            9.068099879401718
        ],
        "SNR": [
            9.622758626937866
        ],
        "SRR": [
            23.616963687209488
        ],
        "SI-SDRi": [
            2.762821912765503
        ],
        "SD-SDRi": [
            2.6082143241518807
        ],
        "SNRi": [
            3.1647998094558716
        ],
        "MIX-SI-SDR": [
            6.459886431694031
        ],
        "MIX-SD-SDR": [
            6.459885555249837
        ],
        "MIX-SNR": [
            6.457958817481995
        ]
    }
}