{
    "combination": [
        0,
        1
    ],
    "permutation": [
        0,
        1
    ],
    "vocals": {
        "SI-SDR": [
            -4.136405885219574
        ],
        "SI-SIR": [
            11.566269397735596
        ],
        "SI-SAR": [
            -4.017999768257141
        ],
        "SD-SDR": [
            -9.376773514049637
        ],
        "SNR": [
            1.414802372455597
        ],
        "SRR": [
            -7.832839683753705
        ],
        "SI-SDRi": [
            5.630032122135162
        ],
        "SD-SDRi": [
            0.3896650112576605
        ],
        "SNRi": [
            11.200794875621796
        ],
        "MIX-SI-SDR": [
            -9.766438007354736
        ],
        "MIX-SD-SDR": [
            -9.766438525307297
        ],
        "MIX-SNR": [
            -9.785992503166199
        ]
    },
    "non-vocals": {
        "SI-SDR": [
            11.019281148910522
        ],
        "SI-SIR": [
            12.5279700756073
        ],
        "SI-SAR": [
            16.343445777893066
        ],
        "SD-SDR": [
            10.984671271559868
        ],
        "SNR": [
            11.20079517364502
        ],
        "SRR": [
            31.973944120079306
        ],
        "SI-SDRi": [
            1.2315881252288818
        ],
        "SD-SDRi": [
            1.1969802187976128
        ],
        "SNRi": [
            1.414802074432373
        ],
        "MIX-SI-SDR": [
            9.78769302368164
        ],
        "MIX-SD-SDR": [
            9.787691052762256
        ],
        "MIX-SNR": [
            9.785993099212646
        ]
    }
}