{
    "combination": [
        0,
        1
    ],
    "permutation": [
        0,
        1
    ],
    "vocals": {
        "SI-SDR": [
            -0.613756850361824
        ],
        "SI-SIR": [
            6.579335331916809
        ],
        "SI-SAR": [
            0.3059367276728153
        ],
        "SD-SDR": [
            -1.9997946325562248
        ],
        "SNR": [
            2.3921912908554077
        ],
        "SRR": [
            3.6347378129863577
        ],
        "SI-SDRi": [
            6.54784731566906
        ],
        "SD-SDRi": [
            5.161838174663946
        ],
        "SNRi": [
            9.503428339958191
        ],
        "MIX-SI-SDR": [
            -7.161604166030884
        ],
        "MIX-SD-SDR": [
            -7.161632807220171
        ],
        "MIX-SNR": [
            -7.111237049102783
        ]
    },
    "non-vocals": {
        "SI-SDR": [
            8.994171619415283
        ],
        "SI-SIR": [
            13.991234302520752
        ],
        "SI-SAR": [
            10.646439790725708
        ],
        "SD-SDR": [
            8.340706256348613
        ],
        "SNR": [
            9.503427743911743
        ],
        "SRR": [
            16.87892715716602
        ],
        "SI-SDRi": [
            1.8941962718963623
        ],
        "SD-SDRi": [
            1.2407726778557215
        ],
        "SNRi": [
            2.39219069480896
        ],
        "MIX-SI-SDR": [
            7.099975347518921
        ],
        "MIX-SD-SDR": [
            7.099933578492891
        ],
        "MIX-SNR": [
            7.111237049102783
        ]
    }
}