{
    "combination": [
        0,
        1
    ],
    "permutation": [
        0,
        1
    ],
    "vocals": {
        "SI-SDR": [
            0.1769649237394333
        ],
        "SI-SIR": [
            7.479599118232727
        ],
        "SI-SAR": [
            1.0712388902902603
        ],
        "SD-SDR": [
            -2.6825223813694503
        ],
        "SNR": [
            3.0994895100593567
        ],
        "SRR": [
            0.4839152405596079
        ],
        "SI-SDRi": [
            6.083322092890739
        ],
        "SD-SDRi": [
            3.223834271081871
        ],
        "SNRi": [
            8.989562094211578
        ],
        "MIX-SI-SDR": [
            -5.906357169151306
        ],
        "MIX-SD-SDR": [
            -5.906356652451321
        ],
        "MIX-SNR": [
            -5.890072584152222
        ]
    },
    "non-vocals": {
        "SI-SDR": [
            8.413543701171875
        ],
        "SI-SIR": [
            11.141847372055054
        ],
        "SI-SAR": [
            11.725397109985352
        ],
        "SD-SDR": [
            7.971635322020062
        ],
        "SNR": [
            8.989561796188354
        ],
        "SRR": [
            18.108024696347222
        ],
        "SI-SDRi": [
            2.528475522994995
        ],
        "SD-SDRi": [
            2.0865741535934417
        ],
        "SNRi": [
            3.099489212036133
        ],
        "MIX-SI-SDR": [
            5.88506817817688
        ],
        "MIX-SD-SDR": [
            5.8850611684266205
        ],
        "MIX-SNR": [
            5.890072584152222
        ]
    }
}