{
    "combination": [
        0,
        1
    ],
    "permutation": [
        0,
        1
    ],
    "vocals": {
        "SI-SDR": [
            2.352476269006729
        ],
        "SI-SIR": [
            7.746018171310425
        ],
        "SI-SAR": [
            3.832736313343048
        ],
        "SD-SDR": [
            1.3751933935021516
        ],
        "SNR": [
            4.192844331264496
        ],
        "SRR": [
            8.331665663723198
        ],
        "SI-SDRi": [
            5.574492961168289
        ],
        "SD-SDRi": [
            4.597206774947066
        ],
        "SNRi": [
            7.407355308532715
        ],
        "MIX-SI-SDR": [
            -3.22201669216156
        ],
        "MIX-SD-SDR": [
            -3.222013381444915
        ],
        "MIX-SNR": [
            -3.214510977268219
        ]
    },
    "non-vocals": {
        "SI-SDR": [
            6.556529402732849
        ],
        "SI-SIR": [
            12.379056215286255
        ],
        "SI-SAR": [
            7.873990535736084
        ],
        "SD-SDR": [
            5.416445705763866
        ],
        "SNR": [
            7.407355904579163
        ],
        "SRR": [
            11.7807917420596
        ],
        "SI-SDRi": [
            3.346032500267029
        ],
        "SD-SDRi": [
            2.2059516063008715
        ],
        "SNRi": [
            4.192844927310944
        ],
        "MIX-SI-SDR": [
            3.2104969024658203
        ],
        "MIX-SD-SDR": [
            3.210494099462995
        ],
        "MIX-SNR": [
            3.214510977268219
        ]
    }
}