{
    "combination": [
        0,
        1
    ],
    "permutation": [
        0,
        1
    ],
    "vocals": {
        "SI-SDR": [
            1.469031423330307
        ],
        "SI-SIR": [
            9.32615339756012
        ],
        "SI-SAR": [
            2.245865911245346
        ],
        "SD-SDR": [
            0.8907818985489668
        ],
        "SNR": [
            3.293495774269104
        ],
        "SRR": [
            9.933212164556702
        ],
        "SI-SDRi": [
            10.24367019534111
        ],
        "SD-SDRi": [
            9.665417479267731
        ],
        "SNRi": [
            12.052173018455505
        ],
        "MIX-SI-SDR": [
            -8.774638772010803
        ],
        "MIX-SD-SDR": [
            -8.774635580718764
        ],
        "MIX-SNR": [
            -8.758677244186401
        ]
    },
    "non-vocals": {
        "SI-SDR": [
            11.86098337173462
        ],
        "SI-SIR": [
            20.236783027648926
        ],
        "SI-SAR": [
            12.543085813522339
        ],
        "SD-SDR": [
            11.188005924990527
        ],
        "SNR": [
            12.052173614501953
        ],
        "SRR": [
            19.608659731873438
        ],
        "SI-SDRi": [
            3.1057488918304443
        ],
        "SD-SDRi": [
            2.4327694512240896
        ],
        "SNRi": [
            3.2934951782226562
        ],
        "MIX-SI-SDR": [
            8.755234479904175
        ],
        "MIX-SD-SDR": [
            8.755236473766438
        ],
        "MIX-SNR": [
            8.758678436279297
        ]
    }
}