{
    "combination": [
        0,
        1
    ],
    "permutation": [
        0,
        1
    ],
    "vocals": {
        "SI-SDR": [
            8.738025426864624
        ],
        "SI-SIR": [
            15.64690351486206
        ],
        "SI-SAR": [
            9.727560877799988
        ],
        "SD-SDR": [
            8.373989127604634
        ],
        "SNR": [
            9.266106486320496
        ],
        "SRR": [
            19.317970151219033
        ],
        "SI-SDRi": [
            8.099303841590881
        ],
        "SD-SDRi": [
            7.7352691543227134
        ],
        "SNRi": [
            8.615366593003273
        ],
        "MIX-SI-SDR": [
            0.6387215852737427
        ],
        "MIX-SD-SDR": [
            0.6387199732819208
        ],
        "MIX-SNR": [
            0.6507398933172226
        ]
    },
    "non-vocals": {
        "SI-SDR": [
            7.996035814285278
        ],
        "SI-SIR": [
            18.059829473495483
        ],
        "SI-SAR": [
            8.44657301902771
        ],
        "SD-SDR": [
            7.093004699988054
        ],
        "SNR": [
            8.615367412567139
        ],
        "SRR": [
            14.353627272139072
        ],
        "SI-SDRi": [
            8.661314770579338
        ],
        "SD-SDRi": [
            7.758296776377245
        ],
        "SNRi": [
            9.26610715687275
        ],
        "MIX-SI-SDR": [
            -0.6652789562940598
        ],
        "MIX-SD-SDR": [
            -0.6652920763891907
        ],
        "MIX-SNR": [
            -0.6507397443056107
        ]
    }
}