{
    "combination": [
        0,
        1
    ],
    "permutation": [
        0,
        1
    ],
    "vocals": {
        "SI-SDR": [
            2.4785344302654266
        ],
        "SI-SIR": [
            12.03561782836914
        ],
        "SI-SAR": [
            2.988230288028717
        ],
        "SD-SDR": [
            0.5435129486516916
        ],
        "SNR": [
            4.424315392971039
        ],
        "SRR": [
            4.985327401714731
        ],
        "SI-SDRi": [
            5.546707659959793
        ],
        "SD-SDRi": [
            3.6116963394041535
        ],
        "SNRi": [
            7.477714121341705
        ],
        "MIX-SI-SDR": [
            -3.0681732296943665
        ],
        "MIX-SD-SDR": [
            -3.068183390752462
        ],
        "MIX-SNR": [
            -3.0533987283706665
        ]
    },
    "non-vocals": {
        "SI-SDR": [
            6.758022904396057
        ],
        "SI-SIR": [
            10.883932113647461
        ],
        "SI-SAR": [
            8.881479501724243
        ],
        "SD-SDR": [
            6.4367648603421515
        ],
        "SNR": [
            7.4777138233184814
        ],
        "SRR": [
            17.902025577745807
        ],
        "SI-SDRi": [
            3.712606430053711
        ],
        "SD-SDRi": [
            3.3913574791497774
        ],
        "SNRi": [
            4.424315392971039
        ],
        "MIX-SI-SDR": [
            3.045416474342346
        ],
        "MIX-SD-SDR": [
            3.045407381192374
        ],
        "MIX-SNR": [
            3.0533984303474426
        ]
    }
}