{
    "combination": [
        0,
        1
    ],
    "permutation": [
        0,
        1
    ],
    "vocals": {
        "SI-SDR": [
            1.1835863441228867
        ],
        "SI-SIR": [
            15.297870635986328
        ],
        "SI-SAR": [
            1.3553397357463837
        ],
        "SD-SDR": [
            -1.9681554578813243
        ],
        "SNR": [
            3.611648976802826
        ],
        "SRR": [
            0.9051621782886583
        ],
        "SI-SDRi": [
            11.72969363629818
        ],
        "SD-SDRi": [
            8.577954407215639
        ],
        "SNRi": [
            14.154671132564545
        ],
        "MIX-SI-SDR": [
            -10.546107292175293
        ],
        "MIX-SD-SDR": [
            -10.546109865096962
        ],
        "MIX-SNR": [
            -10.543022155761719
        ]
    },
    "non-vocals": {
        "SI-SDR": [
            13.998939990997314
        ],
        "SI-SIR": [
            16.789989471435547
        ],
        "SI-SAR": [
            17.240078449249268
        ],
        "SD-SDR": [
            13.916580155555396
        ],
        "SNR": [
            14.154671430587769
        ],
        "SRR": [
            31.12209895540385
        ],
        "SI-SDRi": [
            3.45772385597229
        ],
        "SD-SDRi": [
            3.375360885722589
        ],
        "SNRi": [
            3.61164927482605
        ],
        "MIX-SI-SDR": [
            10.541216135025024
        ],
        "MIX-SD-SDR": [
            10.541219269832807
        ],
        "MIX-SNR": [
            10.543022155761719
        ]
    }
}