{
    "combination": [
        0,
        1
    ],
    "permutation": [
        0,
        1
    ],
    "vocals": {
        "SI-SDR": [
            2.1912945806980133
        ],
        "SI-SIR": [
            9.448965787887573
        ],
        "SI-SAR": [
            3.0958712100982666
        ],
        "SD-SDR": [
            1.247529282600631
        ],
        "SNR": [
            4.063011407852173
        ],
        "SRR": [
            8.339496883035002
        ],
        "SI-SDRi": [
            8.246687203645706
        ],
        "SD-SDRi": [
            7.302927241136063
        ],
        "SNRi": [
            10.09173333644867
        ],
        "MIX-SI-SDR": [
            -6.055392622947693
        ],
        "MIX-SD-SDR": [
            -6.055397958535432
        ],
        "MIX-SNR": [
            -6.028721928596497
        ]
    },
    "non-vocals": {
        "SI-SDR": [
            9.676446914672852
        ],
        "SI-SIR": [
            16.065603494644165
        ],
        "SI-SAR": [
            10.809593200683594
        ],
        "SD-SDR": [
            8.961254722278502
        ],
        "SNR": [
            10.091732740402222
        ],
        "SRR": [
            17.139675015672694
        ],
        "SI-SDRi": [
            3.655526638031006
        ],
        "SD-SDRi": [
            2.940345663141553
        ],
        "SNRi": [
            4.063011407852173
        ],
        "MIX-SI-SDR": [
            6.020920276641846
        ],
        "MIX-SD-SDR": [
            6.020909059136949
        ],
        "MIX-SNR": [
            6.028721332550049
        ]
    }
}