{
    "combination": [
        0,
        1
    ],
    "permutation": [
        0,
        1
    ],
    "vocals": {
        "SI-SDR": [
            3.1093645095825195
        ],
        "SI-SIR": [
            9.814242124557495
        ],
        "SI-SAR": [
            4.152617156505585
        ],
        "SD-SDR": [
            2.5914531927772724
        ],
        "SNR": [
            4.521332383155823
        ],
        "SRR": [
            12.08288512104389
        ],
        "SI-SDRi": [
            4.853257387876511
        ],
        "SD-SDRi": [
            4.335351693236331
        ],
        "SNRi": [
            6.279823482036591
        ],
        "MIX-SI-SDR": [
            -1.743892878293991
        ],
        "MIX-SD-SDR": [
            -1.7438985004590581
        ],
        "MIX-SNR": [
            -1.7584910988807678
        ]
    },
    "non-vocals": {
        "SI-SDR": [
            5.131009221076965
        ],
        "SI-SIR": [
            13.696633577346802
        ],
        "SI-SAR": [
            5.781658887863159
        ],
        "SD-SDR": [
            4.220486816356571
        ],
        "SNR": [
            6.279824376106262
        ],
        "SRR": [
            11.451732388603968
        ],
        "SI-SDRi": [
            3.362927585840225
        ],
        "SD-SDRi": [
            2.4524107744053767
        ],
        "SNRi": [
            4.521333277225494
        ],
        "MIX-SI-SDR": [
            1.7680816352367401
        ],
        "MIX-SD-SDR": [
            1.768076041951194
        ],
        "MIX-SNR": [
            1.7584910988807678
        ]
    }
}