{
    "combination": [
        0,
        1
    ],
    "permutation": [
        0,
        1
    ],
    "vocals": {
        "SI-SDR": [
            1.0525201261043549
        ],
        "SI-SIR": [
            13.430168628692627
        ],
        "SI-SAR": [
            1.3112680613994598
        ],
        "SD-SDR": [
            -1.5842019444697986
        ],
        "SNR": [
            3.567376732826233
        ],
        "SRR": [
            1.834753345062647
        ],
        "SI-SDRi": [
            10.759952515363693
        ],
        "SD-SDRi": [
            8.12323916482887
        ],
        "SNRi": [
            13.290483355522156
        ],
        "MIX-SI-SDR": [
            -9.707432389259338
        ],
        "MIX-SD-SDR": [
            -9.707441109298669
        ],
        "MIX-SNR": [
            -9.723106622695923
        ]
    },
    "non-vocals": {
        "SI-SDR": [
            13.087601661682129
        ],
        "SI-SIR": [
            16.366862058639526
        ],
        "SI-SAR": [
            15.844635963439941
        ],
        "SD-SDR": [
            12.949159894741499
        ],
        "SNR": [
            13.290482759475708
        ],
        "SRR": [
            27.94175821081793
        ],
        "SI-SDRi": [
            3.3645236492156982
        ],
        "SD-SDRi": [
            3.2260839741924876
        ],
        "SNRi": [
            3.5673773288726807
        ],
        "MIX-SI-SDR": [
            9.72307801246643
        ],
        "MIX-SD-SDR": [
            9.723075920549011
        ],
        "MIX-SNR": [
            9.723105430603027
        ]
    }
}