{
    "combination": [
        0,
        1
    ],
    "permutation": [
        0,
        1
    ],
    "vocals": {
        "SI-SDR": [
            2.2318606078624725
        ],
        "SI-SIR": [
            7.529721260070801
        ],
        "SI-SAR": [
            3.7513911724090576
        ],
        "SD-SDR": [
            0.6095630610595366
        ],
        "SNR": [
            4.2491596937179565
        ],
        "SRR": [
            5.671970513093871
        ],
        "SI-SDRi": [
            3.700644075870514
        ],
        "SD-SDRi": [
            2.0783982032250075
        ],
        "SNRi": [
            5.751668214797974
        ],
        "MIX-SI-SDR": [
            -1.4687834680080414
        ],
        "MIX-SD-SDR": [
            -1.4688351421654708
        ],
        "MIX-SNR": [
            -1.502508521080017
        ]
    },
    "non-vocals": {
        "SI-SDR": [
            4.438493847846985
        ],
        "SI-SIR": [
            8.500511646270752
        ],
        "SI-SAR": [
            6.602740287780762
        ],
        "SD-SDR": [
            3.4609093272243614
        ],
        "SNR": [
            5.751668810844421
        ],
        "SRR": [
            10.406158197533152
        ],
        "SI-SDRi": [
            2.9147402942180634
        ],
        "SD-SDRi": [
            1.9371979916532989
        ],
        "SNRi": [
            4.249160140752792
        ],
        "MIX-SI-SDR": [
            1.5237535536289215
        ],
        "MIX-SD-SDR": [
            1.5237113355710625
        ],
        "MIX-SNR": [
            1.502508670091629
        ]
    }
}