{
    "combination": [
        0,
        1
    ],
    "permutation": [
        0,
        1
    ],
    "vocals": {
        "SI-SDR": [
            0.28837140649557114
        ],
        "SI-SIR": [
            4.045199453830719
        ],
        "SI-SAR": [
            2.661167085170746
        ],
        "SD-SDR": [
            -0.6189551082651006
        ],
        "SNR": [
            2.7054882049560547
        ],
        "SRR": [
            6.626733759357854
        ],
        "SI-SDRi": [
            3.8363661989569664
        ],
        "SD-SDRi": [
            2.9291922808985267
        ],
        "SNRi": [
            6.331696510314941
        ],
        "MIX-SI-SDR": [
            -3.5479947924613953
        ],
        "MIX-SD-SDR": [
            -3.5481473891636273
        ],
        "MIX-SNR": [
            -3.6262083053588867
        ]
    },
    "non-vocals": {
        "SI-SDR": [
            5.263689756393433
        ],
        "SI-SIR": [
            10.645471811294556
        ],
        "SI-SAR": [
            6.748752593994141
        ],
        "SD-SDR": [
            3.468601724242954
        ],
        "SNR": [
            6.331696510314941
        ],
        "SRR": [
            8.168736835033542
        ],
        "SI-SDRi": [
            1.6045856475830078
        ],
        "SD-SDRi": [
            -0.19032200456765347
        ],
        "SNRi": [
            2.705487906932831
        ],
        "MIX-SI-SDR": [
            3.659104108810425
        ],
        "MIX-SD-SDR": [
            3.6589237288106076
        ],
        "MIX-SNR": [
            3.6262086033821106
        ]
    }
}