{
    "combination": [
        0,
        1
    ],
    "permutation": [
        0,
        1
    ],
    "vocals": {
        "SI-SDR": [
            -15.443981885910034
        ],
        "SI-SIR": [
            -5.84257960319519
        ],
        "SI-SAR": [
            -14.939782619476318
        ],
        "SD-SDR": [
            -15.530305979634479
        ],
        "SNR": [
            -10.240683555603027
        ],
        "SRR": [
            1.5291718377464767
        ],
        "SI-SDRi": [
            9.923893213272095
        ],
        "SD-SDRi": [
            9.837634141724878
        ],
        "SNRi": [
            15.816292762756348
        ],
        "MIX-SI-SDR": [
            -25.36787509918213
        ],
        "MIX-SD-SDR": [
            -25.367940121359357
        ],
        "MIX-SNR": [
            -26.056976318359375
        ]
    },
    "non-vocals": {
        "SI-SDR": [
            15.83400011062622
        ],
        "SI-SIR": [
            32.31807470321655
        ],
        "SI-SAR": [
            15.932687520980835
        ],
        "SD-SDR": [
            15.342156483017739
        ],
        "SNR": [
            15.816292762756348
        ],
        "SRR": [
            25.020075869186385
        ],
        "SI-SDRi": [
            -10.223352909088135
        ],
        "SD-SDRi": [
            -10.715168771185667
        ],
        "SNRi": [
            -10.240683555603027
        ],
        "MIX-SI-SDR": [
            26.057353019714355
        ],
        "MIX-SD-SDR": [
            26.057325254203406
        ],
        "MIX-SNR": [
            26.056976318359375
        ]
    }
}