{
    "combination": [
        0,
        1
    ],
    "permutation": [
        0,
        1
    ],
    "vocals": {
        "SI-SDR": [
            4.264662861824036
        ],
        "SI-SIR": [
            14.166289567947388
        ],
        "SI-SAR": [
            4.733304381370544
        ],
        "SD-SDR": [
            3.4168462799560446
        ],
        "SNR": [
            5.589373707771301
        ],
        "SRR": [
            10.92808736733604
        ],
        "SI-SDRi": [
            12.194772958755493
        ],
        "SD-SDRi": [
            11.346956503992006
        ],
        "SNRi": [
            13.499717712402344
        ],
        "MIX-SI-SDR": [
            -7.9301100969314575
        ],
        "MIX-SD-SDR": [
            -7.930110224035961
        ],
        "MIX-SNR": [
            -7.9103440046310425
        ]
    },
    "non-vocals": {
        "SI-SDR": [
            13.331742286682129
        ],
        "SI-SIR": [
            20.4660964012146
        ],
        "SI-SAR": [
            14.265397787094116
        ],
        "SD-SDR": [
            12.948937108898456
        ],
        "SNR": [
            13.499717712402344
        ],
        "SRR": [
            23.67986790446521
        ],
        "SI-SDRi": [
            5.425206422805786
        ],
        "SD-SDRi": [
            5.042414635683261
        ],
        "SNRi": [
            5.5893731117248535
        ],
        "MIX-SI-SDR": [
            7.906535863876343
        ],
        "MIX-SD-SDR": [
            7.906522473215195
        ],
        "MIX-SNR": [
            7.91034460067749
        ]
    }
}