{
    "combination": [
        0,
        1
    ],
    "permutation": [
        0,
        1
    ],
    "vocals": {
        "SI-SDR": [
            -0.2878223732113838
        ],
        "SI-SIR": [
            3.081967532634735
        ],
        "SI-SAR": [
            2.39049956202507
        ],
        "SD-SDR": [
            -0.916546297394603
        ],
        "SNR": [
            2.0553816854953766
        ],
        "SRR": [
            7.787228509134232
        ],
        "SI-SDRi": [
            3.1467805430293083
        ],
        "SD-SDRi": [
            2.5180615688875783
        ],
        "SNRi": [
            5.478450208902359
        ],
        "MIX-SI-SDR": [
            -3.434602916240692
        ],
        "MIX-SD-SDR": [
            -3.4346078662821813
        ],
        "MIX-SNR": [
            -3.4230685234069824
        ]
    },
    "non-vocals": {
        "SI-SDR": [
            4.129916429519653
        ],
        "SI-SIR": [
            10.638253688812256
        ],
        "SI-SAR": [
            5.228166580200195
        ],
        "SD-SDR": [
            1.9211117157959912
        ],
        "SNR": [
            5.478450655937195
        ],
        "SRR": [
            5.914491302411106
        ],
        "SI-SDRi": [
            0.7125845551490784
        ],
        "SD-SDRi": [
            -1.496208596775586
        ],
        "SNRi": [
            2.0553812384605408
        ],
        "MIX-SI-SDR": [
            3.417331874370575
        ],
        "MIX-SD-SDR": [
            3.417320312571577
        ],
        "MIX-SNR": [
            3.423069417476654
        ]
    }
}