{
    "combination": [
        0,
        1
    ],
    "permutation": [
        0,
        1
    ],
    "vocals": {
        "SI-SDR": [
            2.001042366027832
        ],
        "SI-SIR": [
            9.201536774635315
        ],
        "SI-SAR": [
            2.918994426727295
        ],
        "SD-SDR": [
            0.15591016849900807
        ],
        "SNR": [
            4.117397665977478
        ],
        "SRR": [
            4.763224685460774
        ],
        "SI-SDRi": [
            5.077989101409912
        ],
        "SD-SDRi": [
            3.232861169689427
        ],
        "SNRi": [
            7.1902307868003845
        ],
        "MIX-SI-SDR": [
            -3.07694673538208
        ],
        "MIX-SD-SDR": [
            -3.076951001190419
        ],
        "MIX-SNR": [
            -3.0728331208229065
        ]
    },
    "non-vocals": {
        "SI-SDR": [
            6.312148571014404
        ],
        "SI-SIR": [
            10.342817306518555
        ],
        "SI-SAR": [
            8.496778011322021
        ],
        "SD-SDR": [
            5.733693520106146
        ],
        "SNR": [
            7.190231084823608
        ],
        "SRR": [
            14.771408991296067
        ],
        "SI-SDRi": [
            3.241785764694214
        ],
        "SD-SDRi": [
            2.6633337551907066
        ],
        "SNRi": [
            4.1173988580703735
        ],
        "MIX-SI-SDR": [
            3.0703628063201904
        ],
        "MIX-SD-SDR": [
            3.0703597649154397
        ],
        "MIX-SNR": [
            3.072832226753235
        ]
    }
}