{
    "combination": [
        0,
        1
    ],
    "permutation": [
        0,
        1
    ],
    "vocals": {
        "SI-SDR": [
            3.4087353944778442
        ],
        "SI-SIR": [
            8.992334604263306
        ],
        "SI-SAR": [
            4.81410026550293
        ],
        "SD-SDR": [
            3.342536955588908
        ],
        "SNR": [
            4.040791392326355
        ],
        "SRR": [
            21.54454612147739
        ],
        "SI-SDRi": [
            7.024701237678528
        ],
        "SD-SDRi": [
            6.958574210329859
        ],
        "SNRi": [
            7.710449695587158
        ],
        "MIX-SI-SDR": [
            -3.6159658432006836
        ],
        "MIX-SD-SDR": [
            -3.6160372547409505
        ],
        "MIX-SNR": [
            -3.6696583032608032
        ]
    },
    "non-vocals": {
        "SI-SDR": [
            6.988282203674316
        ],
        "SI-SIR": [
            23.665502071380615
        ],
        "SI-SAR": [
            7.0826345682144165
        ],
        "SD-SDR": [
            5.6110767806994915
        ],
        "SNR": [
            7.710449695587158
        ],
        "SRR": [
            11.263675799875328
        ],
        "SI-SDRi": [
            3.2969287037849426
        ],
        "SD-SDRi": [
            1.9198150504717204
        ],
        "SNRi": [
            4.040791392326355
        ],
        "MIX-SI-SDR": [
            3.691353499889374
        ],
        "MIX-SD-SDR": [
            3.691261730227771
        ],
        "MIX-SNR": [
            3.6696583032608032
        ]
    }
}