{
    "combination": [
        0,
        1
    ],
    "permutation": [
        0,
        1
    ],
    "vocals": {
        "SI-SDR": [
            3.382905125617981
        ],
        "SI-SIR": [
            12.334353923797607
        ],
        "SI-SAR": [
            3.9742934703826904
        ],
        "SD-SDR": [
            0.9657530458542918
        ],
        "SNR": [
            4.963997006416321
        ],
        "SRR": [
            4.663227853757709
        ],
        "SI-SDRi": [
            6.487184762954712
        ],
        "SD-SDRi": [
            4.070045242614466
        ],
        "SNRi": [
            8.045724630355835
        ],
        "MIX-SI-SDR": [
            -3.104279637336731
        ],
        "MIX-SD-SDR": [
            -3.104292196760174
        ],
        "MIX-SNR": [
            -3.081727623939514
        ]
    },
    "non-vocals": {
        "SI-SDR": [
            7.390366792678833
        ],
        "SI-SIR": [
            10.762286186218262
        ],
        "SI-SAR": [
            10.066826343536377
        ],
        "SD-SDR": [
            7.058287451883732
        ],
        "SNR": [
            8.045724034309387
        ],
        "SRR": [
            18.38770681963662
        ],
        "SI-SDRi": [
            4.319852590560913
        ],
        "SD-SDRi": [
            3.9877886502044944
        ],
        "SNRi": [
            4.963996410369873
        ],
        "MIX-SI-SDR": [
            3.07051420211792
        ],
        "MIX-SD-SDR": [
            3.070498801679238
        ],
        "MIX-SNR": [
            3.081727623939514
        ]
    }
}