{
    "combination": [
        0,
        1
    ],
    "permutation": [
        0,
        1
    ],
    "vocals": {
        "SI-SDR": [
            5.125201940536499
        ],
        "SI-SIR": [
            13.649176359176636
        ],
        "SI-SAR": [
            5.782600045204163
        ],
        "SD-SDR": [
            4.049271543064048
        ],
        "SNR": [
            6.287603378295898
        ],
        "SRR": [
            10.634610223043284
        ],
        "SI-SDRi": [
            9.023767113685608
        ],
        "SD-SDRi": [
            7.947831841150876
        ],
        "SNRi": [
            10.18945574760437
        ],
        "MIX-SI-SDR": [
            -3.898565173149109
        ],
        "MIX-SD-SDR": [
            -3.8985602980868275
        ],
        "MIX-SNR": [
            -3.9018523693084717
        ]
    },
    "non-vocals": {
        "SI-SDR": [
            9.754626750946045
        ],
        "SI-SIR": [
            15.835908651351929
        ],
        "SI-SAR": [
            10.983960628509521
        ],
        "SD-SDR": [
            9.250633836669836
        ],
        "SNR": [
            10.18945574760437
        ],
        "SRR": [
            18.85098319911835
        ],
        "SI-SDRi": [
            5.851522088050842
        ],
        "SD-SDRi": [
            5.347530747424747
        ],
        "SNRi": [
            6.287603378295898
        ],
        "MIX-SI-SDR": [
            3.9031046628952026
        ],
        "MIX-SD-SDR": [
            3.9031030892450893
        ],
        "MIX-SNR": [
            3.9018523693084717
        ]
    }
}