{
    "combination": [
        0,
        1
    ],
    "permutation": [
        0,
        1
    ],
    "vocals": {
        "SI-SDR": [
            2.4394971132278442
        ],
        "SI-SIR": [
            11.855201721191406
        ],
        "SI-SAR": [
            2.9671216011047363
        ],
        "SD-SDR": [
            1.2328710764597046
        ],
        "SNR": [
            4.3235597014427185
        ],
        "SRR": [
            7.384061851403112
        ],
        "SI-SDRi": [
            7.672132849693298
        ],
        "SD-SDRi": [
            6.46551121080779
        ],
        "SNRi": [
            9.55019325017929
        ],
        "MIX-SI-SDR": [
            -5.232635736465454
        ],
        "MIX-SD-SDR": [
            -5.2326401343480855
        ],
        "MIX-SNR": [
            -5.226633548736572
        ]
    },
    "non-vocals": {
        "SI-SDR": [
            9.046892523765564
        ],
        "SI-SIR": [
            14.805965423583984
        ],
        "SI-SAR": [
            10.386996269226074
        ],
        "SD-SDR": [
            8.652751558099405
        ],
        "SNR": [
            9.550192952156067
        ],
        "SRR": [
            19.263580289241233
        ],
        "SI-SDRi": [
            3.822689652442932
        ],
        "SD-SDRi": [
            3.4285433454535266
        ],
        "SNRi": [
            4.323559403419495
        ],
        "MIX-SI-SDR": [
            5.224202871322632
        ],
        "MIX-SD-SDR": [
            5.224208212645879
        ],
        "MIX-SNR": [
            5.226633548736572
        ]
    }
}