{
    "combination": [
        0,
        1
    ],
    "permutation": [
        0,
        1
    ],
    "vocals": {
        "SI-SDR": [
            4.645423591136932
        ],
        "SI-SIR": [
            11.804521083831787
        ],
        "SI-SAR": [
            5.573186874389648
        ],
        "SD-SDR": [
            3.850479264220137
        ],
        "SNR": [
            5.875371694564819
        ],
        "SRR": [
            11.61614086440192
        ],
        "SI-SDRi": [
            6.458591520786285
        ],
        "SD-SDRi": [
            5.663652211065736
        ],
        "SNRi": [
            7.700258940458298
        ],
        "MIX-SI-SDR": [
            -1.813167929649353
        ],
        "MIX-SD-SDR": [
            -1.8131729468456
        ],
        "MIX-SNR": [
            -1.8248872458934784
        ]
    },
    "non-vocals": {
        "SI-SDR": [
            6.892865896224976
        ],
        "SI-SIR": [
            13.893134593963623
        ],
        "SI-SAR": [
            7.859316468238831
        ],
        "SD-SDR": [
            6.136608175093217
        ],
        "SNR": [
            7.700259685516357
        ],
        "SRR": [
            14.099935354276463
        ],
        "SI-SDRi": [
            5.06033718585968
        ],
        "SD-SDRi": [
            4.304087625379329
        ],
        "SNRi": [
            5.875372141599655
        ],
        "MIX-SI-SDR": [
            1.8325287103652954
        ],
        "MIX-SD-SDR": [
            1.8325205497138886
        ],
        "MIX-SNR": [
            1.8248875439167023
        ]
    }
}