{
    "combination": [
        0,
        1
    ],
    "permutation": [
        0,
        1
    ],
    "vocals": {
        "SI-SDR": [
            -2.0357783138751984
        ],
        "SI-SIR": [
            7.632511854171753
        ],
        "SI-SAR": [
            -1.539742797613144
        ],
        "SD-SDR": [
            -7.1159804651097165
        ],
        "SNR": [
            2.084115147590637
        ],
        "SRR": [
            -5.501909569464529
        ],
        "SI-SDRi": [
            5.0604347884655
        ],
        "SD-SDRi": [
            -0.01976626828552419
        ],
        "SNRi": [
            9.194899201393127
        ],
        "MIX-SI-SDR": [
            -7.096213102340698
        ],
        "MIX-SD-SDR": [
            -7.096214196824192
        ],
        "MIX-SNR": [
            -7.11078405380249
        ]
    },
    "non-vocals": {
        "SI-SDR": [
            8.772861957550049
        ],
        "SI-SIR": [
            10.238703489303589
        ],
        "SI-SAR": [
            14.202101230621338
        ],
        "SD-SDR": [
            8.625854767486203
        ],
        "SNR": [
            9.194898009300232
        ],
        "SRR": [
            23.387305842363546
        ],
        "SI-SDRi": [
            1.6602879762649536
        ],
        "SD-SDRi": [
            1.513285800716777
        ],
        "SNRi": [
            2.0841139554977417
        ],
        "MIX-SI-SDR": [
            7.112573981285095
        ],
        "MIX-SD-SDR": [
            7.112568966769426
        ],
        "MIX-SNR": [
            7.11078405380249
        ]
    }
}