{
    "combination": [
        0,
        1
    ],
    "permutation": [
        0,
        1
    ],
    "vocals": {
        "SI-SDR": [
            6.366419196128845
        ],
        "SI-SIR": [
            14.998574256896973
        ],
        "SI-SAR": [
            7.006411552429199
        ],
        "SD-SDR": [
            5.893446499568665
        ],
        "SNR": [
            7.20505952835083
        ],
        "SRR": [
            15.75611424476871
        ],
        "SI-SDRi": [
            8.496242463588715
        ],
        "SD-SDRi": [
            8.023277566794274
        ],
        "SNRi": [
            9.339457750320435
        ],
        "MIX-SI-SDR": [
            -2.1298232674598694
        ],
        "MIX-SD-SDR": [
            -2.129831067225609
        ],
        "MIX-SNR": [
            -2.1343982219696045
        ]
    },
    "non-vocals": {
        "SI-SDR": [
            8.80177617073059
        ],
        "SI-SIR": [
            18.092591762542725
        ],
        "SI-SAR": [
            9.345796704292297
        ],
        "SD-SDR": [
            8.23283203746001
        ],
        "SNR": [
            9.339457154273987
        ],
        "SRR": [
            17.337089351808444
        ],
        "SI-SDRi": [
            6.665384769439697
        ],
        "SD-SDRi": [
            6.096439640381824
        ],
        "SNRi": [
            7.20505878329277
        ],
        "MIX-SI-SDR": [
            2.1363914012908936
        ],
        "MIX-SD-SDR": [
            2.1363923970781866
        ],
        "MIX-SNR": [
            2.1343983709812164
        ]
    }
}