{
    "combination": [
        0,
        1
    ],
    "permutation": [
        0,
        1
    ],
    "vocals": {
        "SI-SDR": [
            1.7875729501247406
        ],
        "SI-SIR": [
            7.921830415725708
        ],
        "SI-SAR": [
            2.999710738658905
        ],
        "SD-SDR": [
            1.1057689380302271
        ],
        "SNR": [
            3.6193928122520447
        ],
        "SRR": [
            9.483180235230401
        ],
        "SI-SDRi": [
            7.573239654302597
        ],
        "SD-SDRi": [
            6.8914315232794205
        ],
        "SNRi": [
            9.397680461406708
        ],
        "MIX-SI-SDR": [
            -5.7856667041778564
        ],
        "MIX-SD-SDR": [
            -5.785662585249193
        ],
        "MIX-SNR": [
            -5.778287649154663
        ]
    },
    "non-vocals": {
        "SI-SDR": [
            8.951941728591919
        ],
        "SI-SIR": [
            16.31973385810852
        ],
        "SI-SAR": [
            9.831441044807434
        ],
        "SD-SDR": [
            7.937497188968718
        ],
        "SNR": [
            9.397679567337036
        ],
        "SRR": [
            14.747827345829478
        ],
        "SI-SDRi": [
            3.1761467456817627
        ],
        "SD-SDRi": [
            2.161701680610932
        ],
        "SNRi": [
            3.619391918182373
        ],
        "MIX-SI-SDR": [
            5.775794982910156
        ],
        "MIX-SD-SDR": [
            5.775795508357786
        ],
        "MIX-SNR": [
            5.778287649154663
        ]
    }
}